date,bill_number,total,paid_cash,paid_card,paid_customer_card
01.02.2018,136297,"11,70","11,70",,
01.02.2018,136298,"62,10","62,10",,
01.02.2018,136299,"2,80","2,80",,
01.02.2018,136300,"11,20","11,20",,
01.02.2018,136301,"60,70","60,70",,
01.02.2018,136302,"70,20","70,20",,
01.02.2018,136303,"77,10","77,10",,
01.02.2018,136304,"40,50","40,50",,
01.02.2018,136305,"29,30","29,30",,
01.02.2018,136306,"54,90","54,90",,
01.02.2018,136307,"16,60","16,60",,
01.02.2018,136308,"67,10","67,10",,
01.02.2018,136309,"20,20","20,20",,
01.02.2018,136310,"2,20",,,"2,20"
01.02.2018,136311,"31,40","31,40",,
01.02.2018,136312,"60,30","60,30",,
01.02.2018,136313,"64,50",,"64,50",
01.02.2018,136314,"31,60",,"31,60",
01.02.2018,136315,"53,70","53,70",,
01.02.2018,136316,"57,50","57,50",,
01.02.2018,136317,"34,20","34,20",,
01.02.2018,136318,"26,10","26,10",,
01.02.2018,136319,"75,70","75,70",,
01.02.2018,136320,"62,40","62,40",,
01.02.2018,136321,"31,90","31,90",,
01.02.2018,136322,"40,20","40,20",,
01.02.2018,136323,"49,30","49,30",,
01.02.2018,136324,"17,50","17,50",,
01.02.2018,136325,"72,30","72,30",,
01.02.2018,136326,"49,00","49,00",,
01.02.2018,136327,"55,80","55,80",,
02.02.2018,136328,"25,30","25,30",,
02.02.2018,136329,"63,80","63,80",,
02.02.2018,136330,"22,20","22,20",,
02.02.2018,136331,"18,60","18,60",,
02.02.2018,136332,"49,50","49,50",,
02.02.2018,136333,"17,60","17,60",,
02.02.2018,136334,"64,80","64,80",,
02.02.2018,136335,"1,10",,,"1,10"
02.02.2018,136336,"34,50",,"34,50",
02.02.2018,136337,"63,40",,"63,40",
02.02.2018,136338,"47,60","47,60",,
02.02.2018,136339,"16,20","16,20",,
02.02.2018,136340,"22,00","22,00",,
02.02.2018,136341,"53,30","53,30",,
02.02.2018,136342,"18,90","18,90",,
02.02.2018,136343,"24,90","24,90",,
02.02.2018,136344,"53,60","53,60",,
02.02.2018,136345,"12,60","12,60",,
02.02.2018,136346,"36,70","36,70",,
02.02.2018,136347,"52,00","52,00",,
02.02.2018,136348,"27,20","27,20",,
02.02.2018,136349,"14,90","14,90",,
02.02.2018,136350,"53,50","53,50",,
02.02.2018,136351,"2,20",,,"2,20"
02.02.2018,136352,"70,80","70,80",,
02.02.2018,136353,"3,20",,,"3,20"
02.02.2018,136354,"59,10","59,10",,
02.02.2018,136355,"36,40","36,40",,
02.02.2018,136356,"64,20","64,20",,
02.02.2018,136357,"55,20","55,20",,
02.02.2018,136358,"73,90","73,90",,
02.02.2018,136359,"47,20","47,20",,
02.02.2018,136360,"71,80",,"71,80",
02.02.2018,136361,"58,80","58,80",,
02.02.2018,136362,"58,00",,"58,00",
02.02.2018,136363,"1,90",,,"1,90"
02.02.2018,136364,"23,10","23,10",,
02.02.2018,136365,"19,30","19,30",,
02.02.2018,136366,"31,10","31,10",,
02.02.2018,136367,"13,70","13,70",,
02.02.2018,136368,"43,50","43,50",,
02.02.2018,136369,"58,90","58,90",,
02.02.2018,136370,"50,00","50,00",,
02.02.2018,136371,"25,70","25,70",,
03.02.2018,136372,"41,60","41,60",,
03.02.2018,136373,"24,60","24,60",,
03.02.2018,136374,"63,70","63,70",,
03.02.2018,136375,"61,60","61,60",,
03.02.2018,136376,"14,60","14,60",,
03.02.2018,136377,"24,80","24,80",,
03.02.2018,136378,"78,00","78,00",,
03.02.2018,136379,"64,20","64,20",,
03.02.2018,136380,"10,10","10,10",,
03.02.2018,136381,"39,00","39,00",,
03.02.2018,136382,"32,70","32,70",,
03.02.2018,136383,"69,10","69,10",,
03.02.2018,136384,"74,10","74,10",,
03.02.2018,136385,"19,30","19,30",,
03.02.2018,136386,"76,90","76,90",,
03.02.2018,136387,"75,00","75,00",,
03.02.2018,136388,"26,90","26,90",,
03.02.2018,136389,"21,60","21,60",,
03.02.2018,136390,"65,70","65,70",,
03.02.2018,136391,"18,20","18,20",,
03.02.2018,136392,"67,50","67,50",,
03.02.2018,136393,"3,10","3,10",,
03.02.2018,136394,"68,60","68,60",,
03.02.2018,136395,"29,10","29,10",,
03.02.2018,136396,"5,00","5,00",,
03.02.2018,136397,"5,10","5,10",,
03.02.2018,136398,"1,60","1,60",,
03.02.2018,136399,"26,50","26,50",,
03.02.2018,136400,"73,80","73,80",,
03.02.2018,136401,"53,50","53,50",,
03.02.2018,136402,"29,00","29,00",,
03.02.2018,136403,"25,60","25,60",,
03.02.2018,136404,"2,10","2,10",,
03.02.2018,136405,"22,50","22,50",,
03.02.2018,136406,"66,20","66,20",,
03.02.2018,136407,"17,40","17,40",,
03.02.2018,136408,"56,60","56,60",,
03.02.2018,136409,"11,80","11,80",,
03.02.2018,136410,"74,70","74,70",,
03.02.2018,136411,"42,30","42,30",,
03.02.2018,136412,"62,90","62,90",,
03.02.2018,136413,"36,40","36,40",,
03.02.2018,136414,"8,10","8,10",,
03.02.2018,136415,"74,00","74,00",,
04.02.2018,136416,"57,20",,"57,20",
04.02.2018,136417,"38,90",,"38,90",
04.02.2018,136418,"23,50","23,50",,
04.02.2018,136419,"46,60","46,60",,
04.02.2018,136420,"22,30","22,30",,
04.02.2018,136421,"71,20","71,20",,
04.02.2018,136422,"76,80","76,80",,
04.02.2018,136423,"39,60","39,60",,
04.02.2018,136424,"70,70","70,70",,
04.02.2018,136425,"35,20",,"35,20",
04.02.2018,136426,"69,00",,"69,00",
04.02.2018,136427,"28,50","28,50",,
04.02.2018,136428,"50,80","50,80",,
04.02.2018,136429,"79,70","79,70",,
04.02.2018,136430,"19,60","19,60",,
04.02.2018,136431,"23,60","23,60",,
04.02.2018,136432,"8,30",,,"8,30"
04.02.2018,136433,"4,50",,,"4,50"
04.02.2018,136434,"29,10",,,"29,10"
04.02.2018,136435,"14,50","14,50",,
04.02.2018,136436,"14,70","14,70",,
04.02.2018,136437,"10,10","10,10",,
04.02.2018,136438,"56,50","56,50",,
04.02.2018,136439,"17,50","17,50",,
04.02.2018,136440,"5,30","5,30",,
04.02.2018,136441,"8,30","8,30",,
04.02.2018,136442,"65,40","65,40",,
04.02.2018,136443,"33,50","33,50",,
04.02.2018,136444,"28,50","28,50",,
04.02.2018,136445,"11,50","11,50",,
04.02.2018,136446,"51,70","51,70",,
04.02.2018,136447,"43,50","43,50",,
04.02.2018,136448,"80,00","80,00",,
04.02.2018,136449,"46,90",,"46,90",
04.02.2018,136450,"65,30",,"65,30",
04.02.2018,136451,"53,90","53,90",,
04.02.2018,136452,"7,30",,,"7,30"
04.02.2018,136453,"10,30","10,30",,
05.02.2018,136454,"14,60","14,60",,
05.02.2018,136455,"47,20","47,20",,
05.02.2018,136456,"72,80","72,80",,
05.02.2018,136457,"61,00","61,00",,
05.02.2018,136458,"24,50","24,50",,
05.02.2018,136459,"62,20","62,20",,
05.02.2018,136460,"51,40","51,40",,
05.02.2018,136461,"73,10","73,10",,
05.02.2018,136462,"57,10","57,10",,
05.02.2018,136463,"40,80","40,80",,
05.02.2018,136464,"45,00","45,00",,
05.02.2018,136465,"52,50",,"52,50",
05.02.2018,136466,"3,40",,,"3,40"
05.02.2018,136467,"46,00",,"46,00",
05.02.2018,136468,"14,00","14,00",,
05.02.2018,136469,"23,00","23,00",,
05.02.2018,136470,"53,90","53,90",,
05.02.2018,136471,"45,30","45,30",,
05.02.2018,136472,"7,00","7,00",,
05.02.2018,136473,"27,30","27,30",,
05.02.2018,136474,"28,10","28,10",,
05.02.2018,136475,"48,30","48,30",,
05.02.2018,136476,"71,20","71,20",,
05.02.2018,136477,"10,30","10,30",,
05.02.2018,136478,"13,20","13,20",,
05.02.2018,136479,"37,60","37,60",,
05.02.2018,136480,"56,10","56,10",,
05.02.2018,136481,"21,90","21,90",,
05.02.2018,136482,"25,80","25,80",,
05.02.2018,136483,"30,00","30,00",,
05.02.2018,136484,"32,60","32,60",,
05.02.2018,136485,"76,40","76,40",,
05.02.2018,136486,"62,00","62,00",,
05.02.2018,136487,"31,00","31,00",,
05.02.2018,136488,"12,50","12,50",,
05.02.2018,136489,"64,10","64,10",,
05.02.2018,136490,"5,50","5,50",,
05.02.2018,136491,"64,70","64,70",,
05.02.2018,136492,"64,50","64,50",,
05.02.2018,136493,"42,20","42,20",,
05.02.2018,136494,"73,50","73,50",,
05.02.2018,136495,"31,80","31,80",,
05.02.2018,136496,"38,50","38,50",,
06.02.2018,136497,"27,70","27,70",,
06.02.2018,136498,"6,30","6,30",,
06.02.2018,136499,"67,40","67,40",,
06.02.2018,136500,"48,60","48,60",,
06.02.2018,136501,"61,50","61,50",,
06.02.2018,136502,"42,80","42,80",,
06.02.2018,136503,"5,00","5,00",,
06.02.2018,136504,"20,50","20,50",,
06.02.2018,136505,"33,80","33,80",,
06.02.2018,136506,"74,80","74,80",,
06.02.2018,136507,"48,80","48,80",,
06.02.2018,136508,"76,10","76,10",,
06.02.2018,136509,"68,90","68,90",,
06.02.2018,136510,"24,10",,"24,10",
06.02.2018,136511,"38,40",,"38,40",
06.02.2018,136512,"46,90",,"46,90",
06.02.2018,136513,"44,70",,"44,70",
06.02.2018,136514,"67,70","67,70",,
06.02.2018,136515,"42,20","42,20",,
06.02.2018,136516,"10,10","10,10",,
06.02.2018,136517,"34,10","34,10",,
06.02.2018,136518,"28,40","28,40",,
06.02.2018,136519,"56,40","56,40",,
06.02.2018,136520,"72,30","72,30",,
06.02.2018,136521,"34,20","34,20",,
06.02.2018,136522,"31,70","31,70",,
06.02.2018,136523,"25,80","25,80",,
06.02.2018,136524,"58,50",,"58,50",
06.02.2018,136525,"49,70",,"49,70",
06.02.2018,136526,"23,90",,"23,90",
06.02.2018,136527,"32,10",,"32,10",
06.02.2018,136528,"17,10","17,10",,
06.02.2018,136529,"18,00","18,00",,
06.02.2018,136530,"31,00","31,00",,
06.02.2018,136531,"68,60","68,60",,
06.02.2018,136532,"59,80","59,80",,
06.02.2018,136533,"60,80","60,80",,
06.02.2018,136534,"39,10","39,10",,
06.02.2018,136535,"59,50","59,50",,
06.02.2018,136536,"72,00","72,00",,
06.02.2018,136537,"47,40","47,40",,
06.02.2018,136538,"12,90","12,90",,
06.02.2018,136539,"40,30","40,30",,
06.02.2018,136540,"74,90","74,90",,
06.02.2018,136541,"26,80","26,80",,
07.02.2018,136542,"42,90","42,90",,
07.02.2018,136543,"6,40",,,"6,40"
07.02.2018,136544,"40,40","40,40",,
07.02.2018,136545,"28,20","28,20",,
07.02.2018,136546,"57,80","57,80",,
07.02.2018,136547,"48,10","48,10",,
07.02.2018,136548,"32,00","32,00",,
07.02.2018,136549,"48,00","48,00",,
07.02.2018,136550,"66,80","66,80",,
07.02.2018,136551,"41,60","41,60",,
07.02.2018,136552,"43,90","43,90",,
07.02.2018,136553,"13,10","13,10",,
07.02.2018,136554,"71,60","71,60",,
07.02.2018,136555,"23,40","23,40",,
07.02.2018,136556,"21,50","21,50",,
07.02.2018,136557,"23,90","23,90",,
07.02.2018,136558,"79,10","79,10",,
07.02.2018,136559,"56,90","56,90",,
07.02.2018,136560,"22,80","22,80",,
07.02.2018,136561,"30,10","30,10",,
07.02.2018,136562,"24,90","24,90",,
07.02.2018,136563,"4,70",,"4,70",
07.02.2018,136564,"25,90","25,90",,
07.02.2018,136565,"21,20","21,20",,
07.02.2018,136566,"24,80","24,80",,
07.02.2018,136567,"19,90","19,90",,
07.02.2018,136568,"28,20","28,20",,
07.02.2018,136569,"78,80","78,80",,
07.02.2018,136570,"73,90","73,90",,
07.02.2018,136571,"15,10","15,10",,
07.02.2018,136572,"15,40","15,40",,
07.02.2018,136573,"75,60","75,60",,
08.02.2018,136574,"3,20","3,20",,
08.02.2018,136575,"41,30","41,30",,
08.02.2018,136576,"39,80","39,80",,
08.02.2018,136577,"31,70","31,70",,
08.02.2018,136578,"77,80","77,80",,
08.02.2018,136579,"71,70","71,70",,
08.02.2018,136580,"26,20","26,20",,
08.02.2018,136581,"30,60","30,60",,
08.02.2018,136582,"57,50","57,50",,
08.02.2018,136583,"40,20","40,20",,
08.02.2018,136584,"16,40","16,40",,
08.02.2018,136585,"3,80","3,80",,
08.02.2018,136586,"17,10","17,10",,
08.02.2018,136587,"18,60","18,60",,
08.02.2018,136588,"56,80","56,80",,
08.02.2018,136589,"75,30","75,30",,
08.02.2018,136590,"55,00","55,00",,
08.02.2018,136591,"58,00","58,00",,
08.02.2018,136592,"28,80","28,80",,
08.02.2018,136593,"79,50","79,50",,
08.02.2018,136594,"39,90","39,90",,
08.02.2018,136595,"3,10","3,10",,
08.02.2018,136596,"34,40","34,40",,
08.02.2018,136597,"31,90","31,90",,
08.02.2018,136598,"20,10","20,10",,
08.02.2018,136599,"20,80","20,80",,
08.02.2018,136600,"34,90","34,90",,
08.02.2018,136601,"8,30","8,30",,
08.02.2018,136602,"62,70","62,70",,
08.02.2018,136603,"17,50","17,50",,
08.02.2018,136604,"28,00","28,00",,
08.02.2018,136605,"13,70","13,70",,
08.02.2018,136606,"59,80","59,80",,
08.02.2018,136607,"34,10","34,10",,
08.02.2018,136608,"51,30","51,30",,
08.02.2018,136609,"18,60","18,60",,
08.02.2018,136610,"64,10","64,10",,
08.02.2018,136611,"56,80","56,80",,
08.02.2018,136612,"21,90","21,90",,
08.02.2018,136613,"19,20","19,20",,
08.02.2018,136614,"73,60","73,60",,
08.02.2018,136615,"54,30","54,30",,
09.02.2018,136616,"67,30","67,30",,
09.02.2018,136617,"27,20","27,20",,
09.02.2018,136618,"39,20","39,20",,
09.02.2018,136619,"13,40","13,40",,
09.02.2018,136620,"6,70","6,70",,
09.02.2018,136621,"80,00","80,00",,
09.02.2018,136622,"56,60","56,60",,
09.02.2018,136623,"14,70","14,70",,
09.02.2018,136624,"33,10","33,10",,
09.02.2018,136625,"3,40","3,40",,
09.02.2018,136626,"32,10","32,10",,
09.02.2018,136627,"72,40","72,40",,
09.02.2018,136628,"68,60","68,60",,
09.02.2018,136629,"17,10","17,10",,
09.02.2018,136630,"24,80","24,80",,
09.02.2018,136631,"17,00","17,00",,
09.02.2018,136632,"37,10","37,10",,
09.02.2018,136633,"38,00","38,00",,
09.02.2018,136634,"53,90","53,90",,
09.02.2018,136635,"32,60","32,60",,
09.02.2018,136636,"11,10","11,10",,
09.02.2018,136637,"10,80","10,80",,
09.02.2018,136638,"68,00","68,00",,
09.02.2018,136639,"69,90","69,90",,
09.02.2018,136640,"76,60","76,60",,
09.02.2018,136641,"71,20","71,20",,
09.02.2018,136642,"27,50","27,50",,
09.02.2018,136643,"66,40","66,40",,
09.02.2018,136644,"71,80","71,80",,
09.02.2018,136645,"36,40","36,40",,
09.02.2018,136646,"3,10",,,"3,10"
09.02.2018,136647,"11,80",,"11,80",
09.02.2018,136648,"23,10",,"23,10",
09.02.2018,136649,"65,90",,"65,90",
09.02.2018,136650,"18,40",,"18,40",
09.02.2018,136651,"66,00",,"66,00",
09.02.2018,136652,"38,60","38,60",,
09.02.2018,136653,"51,60","51,60",,
09.02.2018,136654,"37,60","37,60",,
09.02.2018,136655,"52,50","52,50",,
10.02.2018,136656,"3,40","3,40",,
10.02.2018,136657,"1,40","1,40",,
10.02.2018,136658,"9,80","9,80",,
10.02.2018,136659,"48,10","48,10",,
10.02.2018,136660,"43,90","43,90",,
10.02.2018,136661,"44,10","44,10",,
10.02.2018,136662,"2,30","2,30",,
10.02.2018,136663,"62,50","62,50",,
10.02.2018,136664,"67,60","67,60",,
10.02.2018,136665,"76,20","76,20",,
10.02.2018,136666,"67,30","67,30",,
10.02.2018,136667,"52,70","52,70",,
10.02.2018,136668,"78,70","78,70",,
10.02.2018,136669,"31,10","31,10",,
10.02.2018,136670,"32,50","32,50",,
10.02.2018,136671,"28,40",,"28,40",
10.02.2018,136672,"68,00",,"68,00",
10.02.2018,136673,"12,00",,"12,00",
10.02.2018,136674,"73,60","73,60",,
10.02.2018,136675,"43,90","43,90",,
10.02.2018,136676,"57,50","57,50",,
10.02.2018,136677,"50,00","50,00",,
10.02.2018,136678,"49,60","49,60",,
10.02.2018,136679,"64,60","64,60",,
10.02.2018,136680,"49,50","49,50",,
10.02.2018,136681,"29,20","29,20",,
10.02.2018,136682,"60,50","60,50",,
10.02.2018,136683,"18,00","18,00",,
10.02.2018,136684,"39,50","39,50",,
10.02.2018,136685,"52,70","52,70",,
10.02.2018,136686,"43,00","43,00",,
10.02.2018,136687,"25,70","25,70",,
10.02.2018,136688,"12,90","12,90",,
10.02.2018,136689,"16,90","16,90",,
10.02.2018,136690,"30,70","30,70",,
10.02.2018,136691,"42,90","42,90",,
10.02.2018,136692,"68,60","68,60",,
10.02.2018,136693,"41,80","41,80",,
11.02.2018,136694,"15,00","15,00",,
11.02.2018,136695,"6,70","6,70",,
11.02.2018,136696,"41,70","41,70",,
11.02.2018,136697,"41,40","41,40",,
11.02.2018,136698,"59,80","59,80",,
11.02.2018,136699,"8,40","8,40",,
11.02.2018,136700,"37,60","37,60",,
11.02.2018,136701,"17,90","17,90",,
11.02.2018,136702,"14,70","14,70",,
11.02.2018,136703,"51,00","51,00",,
11.02.2018,136704,"2,20","2,20",,
11.02.2018,136705,"54,40","54,40",,
11.02.2018,136706,"28,90","28,90",,
11.02.2018,136707,"73,70","73,70",,
11.02.2018,136708,"54,80","54,80",,
11.02.2018,136709,"54,40","54,40",,
11.02.2018,136710,"6,30","6,30",,
11.02.2018,136711,"24,40","24,40",,
11.02.2018,136712,"28,50","28,50",,
11.02.2018,136713,"61,70","61,70",,
11.02.2018,136714,"4,20","4,20",,
11.02.2018,136715,"13,60","13,60",,
11.02.2018,136716,"42,10","42,10",,
11.02.2018,136717,"10,50",,"10,50",
11.02.2018,136718,"24,60","24,60",,
11.02.2018,136719,"74,00","74,00",,
11.02.2018,136720,"54,60","54,60",,
11.02.2018,136721,"79,40",,"79,40",
11.02.2018,136722,"52,80","52,80",,
11.02.2018,136723,"68,90","68,90",,
11.02.2018,136724,"39,00","39,00",,
11.02.2018,136725,"11,90","11,90",,
11.02.2018,136726,"24,20","24,20",,
11.02.2018,136727,"30,00","30,00",,
11.02.2018,136728,"55,50","55,50",,
11.02.2018,136729,"68,10","68,10",,
12.02.2018,136730,"22,60","22,60",,
12.02.2018,136731,"14,00","14,00",,
12.02.2018,136732,"66,60","66,60",,
12.02.2018,136733,"54,40","54,40",,
12.02.2018,136734,"10,30","10,30",,
12.02.2018,136735,"79,10","79,10",,
12.02.2018,136736,"15,70","15,70",,
12.02.2018,136737,"70,10","70,10",,
12.02.2018,136738,"30,00","30,00",,
12.02.2018,136739,"9,90",,,"9,90"
12.02.2018,136740,"19,20","19,20",,
12.02.2018,136741,"29,20","29,20",,
12.02.2018,136742,"40,60","40,60",,
12.02.2018,136743,"14,70","14,70",,
12.02.2018,136744,"69,00","69,00",,
12.02.2018,136745,"17,00","17,00",,
12.02.2018,136746,"26,10","26,10",,
12.02.2018,136747,"72,40",,"72,40",
12.02.2018,136748,"61,10",,"61,10",
12.02.2018,136749,"10,40",,"10,40",
12.02.2018,136750,"40,70","40,70",,
12.02.2018,136751,"26,00","26,00",,
12.02.2018,136752,"1,30",,,"1,30"
12.02.2018,136753,"66,30","66,30",,
12.02.2018,136754,"78,00","78,00",,
12.02.2018,136755,"33,30","33,30",,
12.02.2018,136756,"67,00","67,00",,
12.02.2018,136757,"17,70","17,70",,
12.02.2018,136758,"79,90","79,90",,
12.02.2018,136759,"63,60","63,60",,
12.02.2018,136760,"36,20","36,20",,
13.02.2018,136761,"78,90","78,90",,
13.02.2018,136762,"69,50","69,50",,
13.02.2018,136763,"52,10","52,10",,
13.02.2018,136764,"13,00","13,00",,
13.02.2018,136765,"13,90","13,90",,
13.02.2018,136766,"53,80","53,80",,
13.02.2018,136767,"29,00","29,00",,
13.02.2018,136768,"4,30",,,"4,30"
13.02.2018,136769,"11,80",,,"11,80"
13.02.2018,136770,"62,70","62,70",,
13.02.2018,136771,"40,80","40,80",,
13.02.2018,136772,"45,80","45,80",,
13.02.2018,136773,"66,80","66,80",,
13.02.2018,136774,"6,60","6,60",,
13.02.2018,136775,"64,20","64,20",,
13.02.2018,136776,"76,50","76,50",,
13.02.2018,136777,"71,70","71,70",,
13.02.2018,136778,"13,80","13,80",,
13.02.2018,136779,"40,30","40,30",,
13.02.2018,136780,"40,40","40,40",,
13.02.2018,136781,"5,20","5,20",,
13.02.2018,136782,"41,70","41,70",,
13.02.2018,136783,"61,70","61,70",,
13.02.2018,136784,"80,00","80,00",,
13.02.2018,136785,"5,90","5,90",,
13.02.2018,136786,"35,00","35,00",,
13.02.2018,136787,"56,10","56,10",,
13.02.2018,136788,"40,10","40,10",,
13.02.2018,136789,"29,20","29,20",,
13.02.2018,136790,"71,10","71,10",,
13.02.2018,136791,"67,80","67,80",,
14.02.2018,136792,"17,90","17,90",,
14.02.2018,136793,"66,00","66,00",,
14.02.2018,136794,"41,40","41,40",,
14.02.2018,136795,"74,70","74,70",,
14.02.2018,136796,"15,60","15,60",,
14.02.2018,136797,"73,60","73,60",,
14.02.2018,136798,"33,90","33,90",,
14.02.2018,136799,"70,00","70,00",,
14.02.2018,136800,"69,60","69,60",,
14.02.2018,136801,"35,50","35,50",,
14.02.2018,136802,"43,70","43,70",,
14.02.2018,136803,"71,60","71,60",,
14.02.2018,136804,"51,70","51,70",,
14.02.2018,136805,"5,40","5,40",,
14.02.2018,136806,"42,70","42,70",,
14.02.2018,136807,"63,60","63,60",,
14.02.2018,136808,"76,40","76,40",,
14.02.2018,136809,"47,00","47,00",,
14.02.2018,136810,"6,90","6,90",,
14.02.2018,136811,"28,70","28,70",,
14.02.2018,136812,"47,30","47,30",,
14.02.2018,136813,"38,50","38,50",,
14.02.2018,136814,"20,80","20,80",,
14.02.2018,136815,"52,50","52,50",,
14.02.2018,136816,"3,90","3,90",,
14.02.2018,136817,"45,40","45,40",,
14.02.2018,136818,"31,70","31,70",,
14.02.2018,136819,"67,60","67,60",,
14.02.2018,136820,"30,00","30,00",,
14.02.2018,136821,"30,90","30,90",,
14.02.2018,136822,"72,70","72,70",,
14.02.2018,136823,"59,00","59,00",,
15.02.2018,136824,"64,30","64,30",,
15.02.2018,136825,"49,90","49,90",,
15.02.2018,136826,"35,40","35,40",,
15.02.2018,136827,"51,00","51,00",,
15.02.2018,136828,"47,80","47,80",,
15.02.2018,136829,"10,10","10,10",,
15.02.2018,136830,"27,30","27,30",,
15.02.2018,136831,"58,40","58,40",,
15.02.2018,136832,"6,10","6,10",,
15.02.2018,136833,"58,90","58,90",,
15.02.2018,136834,"44,30","44,30",,
15.02.2018,136835,"17,00","17,00",,
15.02.2018,136836,"54,40","54,40",,
15.02.2018,136837,"13,10","13,10",,
15.02.2018,136838,"50,60","50,60",,
15.02.2018,136839,"14,80","14,80",,
15.02.2018,136840,"10,20","10,20",,
15.02.2018,136841,"37,70","37,70",,
15.02.2018,136842,"51,40","51,40",,
15.02.2018,136843,"14,90","14,90",,
15.02.2018,136844,"79,00","79,00",,
15.02.2018,136845,"50,50","50,50",,
15.02.2018,136846,"28,70","28,70",,
15.02.2018,136847,"68,20","68,20",,
15.02.2018,136848,"72,80","72,80",,
15.02.2018,136849,"41,80","41,80",,
15.02.2018,136850,"67,90","67,90",,
15.02.2018,136851,"70,00","70,00",,
15.02.2018,136852,"48,50","48,50",,
15.02.2018,136853,"11,90","11,90",,
15.02.2018,136854,"30,80","30,80",,
15.02.2018,136855,"1,40",,,"1,40"
15.02.2018,136856,"61,40",,"61,40",
15.02.2018,136857,"52,00",,"52,00",
15.02.2018,136858,"6,00","6,00",,
15.02.2018,136859,"65,70","65,70",,
15.02.2018,136860,"32,40","32,40",,
15.02.2018,136861,"14,80","14,80",,
15.02.2018,136862,"50,50","50,50",,
16.02.2018,136863,"55,80","55,80",,
16.02.2018,136864,"61,90","61,90",,
16.02.2018,136865,"41,90","41,90",,
16.02.2018,136866,"73,70","73,70",,
16.02.2018,136867,"11,50","11,50",,
16.02.2018,136868,"77,30","77,30",,
16.02.2018,136869,"21,00","21,00",,
16.02.2018,136870,"1,20","1,20",,
16.02.2018,136871,"29,10","29,10",,
16.02.2018,136872,"71,50","71,50",,
16.02.2018,136873,"48,50","48,50",,
16.02.2018,136874,"76,50","76,50",,
16.02.2018,136875,"34,00","34,00",,
16.02.2018,136876,"36,90","36,90",,
16.02.2018,136877,"5,90","5,90",,
16.02.2018,136878,"29,80","29,80",,
16.02.2018,136879,"10,30","10,30",,
16.02.2018,136880,"50,60","50,60",,
16.02.2018,136881,"62,00","62,00",,
16.02.2018,136882,"64,80","64,80",,
16.02.2018,136883,"40,60","40,60",,
16.02.2018,136884,"54,20","54,20",,
16.02.2018,136885,"7,90","7,90",,
16.02.2018,136886,"57,90","57,90",,
16.02.2018,136887,"8,00","8,00",,
16.02.2018,136888,"28,50","28,50",,
16.02.2018,136889,"53,60","53,60",,
16.02.2018,136890,"21,20","21,20",,
16.02.2018,136891,"42,70","42,70",,
16.02.2018,136892,"59,90","59,90",,
16.02.2018,136893,"72,10","72,10",,
16.02.2018,136894,"69,70","69,70",,
16.02.2018,136895,"34,10","34,10",,
16.02.2018,136896,"50,10","50,10",,
16.02.2018,136897,"54,90","54,90",,
16.02.2018,136898,"78,60","78,60",,
16.02.2018,136899,"69,40","69,40",,
17.02.2018,136900,"74,30","74,30",,
17.02.2018,136901,"4,20","4,20",,
17.02.2018,136902,"79,40","79,40",,
17.02.2018,136903,"67,70","67,70",,
17.02.2018,136904,"77,40","77,40",,
17.02.2018,136905,"9,90","9,90",,
17.02.2018,136906,"9,70","9,70",,
17.02.2018,136907,"2,10","2,10",,
17.02.2018,136908,"73,80","73,80",,
17.02.2018,136909,"66,40","66,40",,
17.02.2018,136910,"3,00","3,00",,
17.02.2018,136911,"15,20","15,20",,
17.02.2018,136912,"31,60","31,60",,
17.02.2018,136913,"11,00","11,00",,
17.02.2018,136914,"51,20","51,20",,
17.02.2018,136915,"17,30","17,30",,
17.02.2018,136916,"29,20","29,20",,
17.02.2018,136917,"57,70","57,70",,
17.02.2018,136918,"10,80",,"10,80",
17.02.2018,136919,"61,80",,"61,80",
17.02.2018,136920,"75,10",,"75,10",
17.02.2018,136921,"30,60",,"30,60",
17.02.2018,136922,"64,30",,"64,30",
17.02.2018,136923,"67,30","67,30",,
17.02.2018,136924,"36,30","36,30",,
17.02.2018,136925,"60,90","60,90",,
17.02.2018,136926,"26,60","26,60",,
17.02.2018,136927,"45,70","45,70",,
17.02.2018,136928,"45,80","45,80",,
17.02.2018,136929,"69,90","69,90",,
17.02.2018,136930,"71,20","71,20",,
17.02.2018,136931,"16,60","16,60",,
17.02.2018,136932,"43,40","43,40",,
17.02.2018,136933,"20,70","20,70",,
17.02.2018,136934,"36,20","36,20",,
17.02.2018,136935,"72,00","72,00",,
17.02.2018,136936,"13,80",,,"13,80"
17.02.2018,136937,"65,60","65,60",,
17.02.2018,136938,"15,00","15,00",,
17.02.2018,136939,"46,10","46,10",,
17.02.2018,136940,"74,90","74,90",,
17.02.2018,136941,"30,10","30,10",,
17.02.2018,136942,"14,50","14,50",,
18.02.2018,136943,"46,30","46,30",,
18.02.2018,136944,"46,30","46,30",,
18.02.2018,136945,"75,30",,"75,30",
18.02.2018,136946,"28,30",,"28,30",
18.02.2018,136947,"48,60",,"48,60",
18.02.2018,136948,"35,90","35,90",,
18.02.2018,136949,"43,40","43,40",,
18.02.2018,136950,"7,10","7,10",,
18.02.2018,136951,"78,30","78,30",,
18.02.2018,136952,"64,30","64,30",,
18.02.2018,136953,"9,80","9,80",,
18.02.2018,136954,"58,80","58,80",,
18.02.2018,136955,"7,60",,,"7,60"
18.02.2018,136956,"47,60","47,60",,
18.02.2018,136957,"26,70","26,70",,
18.02.2018,136958,"73,40","73,40",,
18.02.2018,136959,"38,30","38,30",,
18.02.2018,136960,"49,20","49,20",,
18.02.2018,136961,"50,60","50,60",,
18.02.2018,136962,"69,20","69,20",,
18.02.2018,136963,"36,00",,"36,00",
18.02.2018,136964,"39,60","39,60",,
18.02.2018,136965,"36,30","36,30",,
18.02.2018,136966,"44,90",,"44,90",
18.02.2018,136967,"43,40","43,40",,
18.02.2018,136968,"58,00","58,00",,
18.02.2018,136969,"37,80","37,80",,
18.02.2018,136970,"43,50","43,50",,
18.02.2018,136971,"62,30","62,30",,
18.02.2018,136972,"50,40","50,40",,
18.02.2018,136973,"32,20","32,20",,
18.02.2018,136974,"77,80","77,80",,
19.02.2018,136975,"21,70","21,70",,
19.02.2018,136976,"56,20","56,20",,
19.02.2018,136977,"56,80","56,80",,
19.02.2018,136978,"48,20","48,20",,
19.02.2018,136979,"53,20","53,20",,
19.02.2018,136980,"51,50","51,50",,
19.02.2018,136981,"25,00","25,00",,
19.02.2018,136982,"66,70","66,70",,
19.02.2018,136983,"31,80","31,80",,
19.02.2018,136984,"12,90","12,90",,
19.02.2018,136985,"34,90","34,90",,
19.02.2018,136986,"55,50","55,50",,
19.02.2018,136987,"61,10","61,10",,
19.02.2018,136988,"19,40",,,"19,40"
19.02.2018,136989,"77,70","77,70",,
19.02.2018,136990,"17,50","17,50",,
19.02.2018,136991,"56,90","56,90",,
19.02.2018,136992,"36,40","36,40",,
19.02.2018,136993,"24,40","24,40",,
19.02.2018,136994,"68,00","68,00",,
19.02.2018,136995,"14,00","14,00",,
19.02.2018,136996,"64,00","64,00",,
19.02.2018,136997,"77,10","77,10",,
19.02.2018,136998,"6,30",,,"6,30"
19.02.2018,136999,"63,20","63,20",,
19.02.2018,137000,"4,30",,,"4,30"
19.02.2018,137001,"25,80","25,80",,
19.02.2018,137002,"20,60","20,60",,
19.02.2018,137003,"71,20",,"71,20",
19.02.2018,137004,"8,60","8,60",,
19.02.2018,137005,"48,10","48,10",,
19.02.2018,137006,"70,00","70,00",,
20.02.2018,137007,"31,70","31,70",,
20.02.2018,137008,"62,60","62,60",,
20.02.2018,137009,"58,50","58,50",,
20.02.2018,137010,"59,30","59,30",,
20.02.2018,137011,"73,20","73,20",,
20.02.2018,137012,"47,40","47,40",,
20.02.2018,137013,"52,40","52,40",,
20.02.2018,137014,"18,20","18,20",,
20.02.2018,137015,"75,20","75,20",,
20.02.2018,137016,"33,40","33,40",,
20.02.2018,137017,"32,70","32,70",,
20.02.2018,137018,"27,20","27,20",,
20.02.2018,137019,"1,10","1,10",,
20.02.2018,137020,"34,30","34,30",,
20.02.2018,137021,"71,80","71,80",,
20.02.2018,137022,"25,40","25,40",,
20.02.2018,137023,"50,60","50,60",,
20.02.2018,137024,"57,20","57,20",,
20.02.2018,137025,"32,00","32,00",,
20.02.2018,137026,"27,00","27,00",,
20.02.2018,137027,"77,30","77,30",,
20.02.2018,137028,"8,80",,,"8,80"
20.02.2018,137029,"46,80","46,80",,
20.02.2018,137030,"65,60","65,60",,
20.02.2018,137031,"15,20","15,20",,
20.02.2018,137032,"17,50","17,50",,
20.02.2018,137033,"7,90","7,90",,
20.02.2018,137034,"72,20","72,20",,
20.02.2018,137035,"50,90","50,90",,
20.02.2018,137036,"66,00","66,00",,
20.02.2018,137037,"21,30","21,30",,
20.02.2018,137038,"63,50","63,50",,
20.02.2018,137039,"78,40","78,40",,
20.02.2018,137040,"22,00","22,00",,
20.02.2018,137041,"64,10","64,10",,
20.02.2018,137042,"56,00","56,00",,
20.02.2018,137043,"37,70","37,70",,
20.02.2018,137044,"34,30","34,30",,
21.02.2018,137045,"26,40","26,40",,
21.02.2018,137046,"62,70","62,70",,
21.02.2018,137047,"51,90","51,90",,
21.02.2018,137048,"51,80","51,80",,
21.02.2018,137049,"50,40","50,40",,
21.02.2018,137050,"8,30",,,"8,30"
21.02.2018,137051,"9,90",,,"9,90"
21.02.2018,137052,"58,20","58,20",,
21.02.2018,137053,"47,60","47,60",,
21.02.2018,137054,"34,80","34,80",,
21.02.2018,137055,"27,20","27,20",,
21.02.2018,137056,"48,30","48,30",,
21.02.2018,137057,"71,00","71,00",,
21.02.2018,137058,"60,00",,"60,00",
21.02.2018,137059,"77,20",,"77,20",
21.02.2018,137060,"26,20","26,20",,
21.02.2018,137061,"24,50","24,50",,
21.02.2018,137062,"70,10","70,10",,
21.02.2018,137063,"38,40","38,40",,
21.02.2018,137064,"5,40",,,"5,40"
21.02.2018,137065,"38,40","38,40",,
21.02.2018,137066,"47,00","47,00",,
21.02.2018,137067,"70,90","70,90",,
21.02.2018,137068,"41,50","41,50",,
21.02.2018,137069,"67,20","67,20",,
21.02.2018,137070,"38,50","38,50",,
21.02.2018,137071,"51,20","51,20",,
21.02.2018,137072,"63,00","63,00",,
21.02.2018,137073,"37,90","37,90",,
21.02.2018,137074,"32,80","32,80",,
21.02.2018,137075,"23,00","23,00",,
21.02.2018,137076,"10,30","10,30",,
21.02.2018,137077,"68,00",,"68,00",
21.02.2018,137078,"31,20",,"31,20",
22.02.2018,137079,"78,70","78,70",,
22.02.2018,137080,"71,90","71,90",,
22.02.2018,137081,"64,20","64,20",,
22.02.2018,137082,"19,00","19,00",,
22.02.2018,137083,"2,00","2,00",,
22.02.2018,137084,"10,50",,"10,50",
22.02.2018,137085,"26,50",,"26,50",
22.02.2018,137086,"79,40","79,40",,
22.02.2018,137087,"35,60","35,60",,
22.02.2018,137088,"45,80","45,80",,
22.02.2018,137089,"39,20","39,20",,
22.02.2018,137090,"4,10",,,"4,10"
22.02.2018,137091,"67,00","67,00",,
22.02.2018,137092,"59,30","59,30",,
22.02.2018,137093,"63,00","63,00",,
22.02.2018,137094,"50,60","50,60",,
22.02.2018,137095,"43,90","43,90",,
22.02.2018,137096,"27,80","27,80",,
22.02.2018,137097,"79,40","79,40",,
22.02.2018,137098,"2,50",,,"2,50"
22.02.2018,137099,"52,80","52,80",,
22.02.2018,137100,"34,90","34,90",,
22.02.2018,137101,"21,40","21,40",,
22.02.2018,137102,"31,00","31,00",,
22.02.2018,137103,"63,10","63,10",,
22.02.2018,137104,"49,80","49,80",,
22.02.2018,137105,"12,30","12,30",,
22.02.2018,137106,"44,00","44,00",,
22.02.2018,137107,"41,90","41,90",,
22.02.2018,137108,"33,50","33,50",,
22.02.2018,137109,"35,80","35,80",,
22.02.2018,137110,"56,10",,"56,10",
22.02.2018,137111,"37,00",,"37,00",
22.02.2018,137112,"18,00","18,00",,
22.02.2018,137113,"70,30","70,30",,
22.02.2018,137114,"2,20","2,20",,
22.02.2018,137115,"5,20","5,20",,
22.02.2018,137116,"30,90","30,90",,
23.02.2018,137117,"51,00","51,00",,
23.02.2018,137118,"19,20","19,20",,
23.02.2018,137119,"28,10","28,10",,
23.02.2018,137120,"3,40",,,"3,40"
23.02.2018,137121,"65,20","65,20",,
23.02.2018,137122,"67,20","67,20",,
23.02.2018,137123,"66,70","66,70",,
23.02.2018,137124,"39,70","39,70",,
23.02.2018,137125,"75,50","75,50",,
23.02.2018,137126,"43,00","43,00",,
23.02.2018,137127,"75,90","75,90",,
23.02.2018,137128,"6,70","6,70",,
23.02.2018,137129,"50,60","50,60",,
23.02.2018,137130,"39,70","39,70",,
23.02.2018,137131,"1,90","1,90",,
23.02.2018,137132,"65,90","65,90",,
23.02.2018,137133,"25,30","25,30",,
23.02.2018,137134,"77,70","77,70",,
23.02.2018,137135,"74,90","74,90",,
23.02.2018,137136,"66,80","66,80",,
23.02.2018,137137,"43,90","43,90",,
23.02.2018,137138,"38,80",,"38,80",
23.02.2018,137139,"4,10",,"4,10",
23.02.2018,137140,"35,00",,,"35,00"
23.02.2018,137141,"38,60",,"38,60",
23.02.2018,137142,"16,70",,"16,70",
23.02.2018,137143,"67,60","67,60",,
23.02.2018,137144,"18,10","18,10",,
23.02.2018,137145,"4,30","4,30",,
23.02.2018,137146,"16,10","16,10",,
23.02.2018,137147,"36,90","36,90",,
23.02.2018,137148,"11,20","11,20",,
24.02.2018,137149,"26,90","26,90",,
24.02.2018,137150,"68,00","68,00",,
24.02.2018,137151,"27,30","27,30",,
24.02.2018,137152,"37,80","37,80",,
24.02.2018,137153,"68,80","68,80",,
24.02.2018,137154,"33,60","33,60",,
24.02.2018,137155,"36,80","36,80",,
24.02.2018,137156,"70,70","70,70",,
24.02.2018,137157,"3,80","3,80",,
24.02.2018,137158,"28,30","28,30",,
24.02.2018,137159,"21,50","21,50",,
24.02.2018,137160,"14,20","14,20",,
24.02.2018,137161,"32,70","32,70",,
24.02.2018,137162,"73,00","73,00",,
24.02.2018,137163,"47,80","47,80",,
24.02.2018,137164,"7,30","7,30",,
24.02.2018,137165,"48,30","48,30",,
24.02.2018,137166,"76,80","76,80",,
24.02.2018,137167,"67,30","67,30",,
24.02.2018,137168,"25,70","25,70",,
24.02.2018,137169,"32,30","32,30",,
24.02.2018,137170,"54,20","54,20",,
24.02.2018,137171,"20,50","20,50",,
24.02.2018,137172,"55,80",,"55,80",
24.02.2018,137173,"47,40","47,40",,
24.02.2018,137174,"77,60","77,60",,
24.02.2018,137175,"79,50","79,50",,
24.02.2018,137176,"18,70","18,70",,
24.02.2018,137177,"12,50","12,50",,
24.02.2018,137178,"69,70","69,70",,
24.02.2018,137179,"47,90",,"47,90",
24.02.2018,137180,"38,90",,,"38,90"
24.02.2018,137181,"32,20","32,20",,
24.02.2018,137182,"41,40","41,40",,
24.02.2018,137183,"42,40","42,40",,
24.02.2018,137184,"18,50","18,50",,
24.02.2018,137185,"55,30","55,30",,
24.02.2018,137186,"34,30","34,30",,
24.02.2018,137187,"19,10",,"19,10",
24.02.2018,137188,"31,70",,"31,70",
24.02.2018,137189,"76,00","76,00",,
25.02.2018,137190,"57,40","57,40",,
25.02.2018,137191,"49,80","49,80",,
25.02.2018,137192,"20,40","20,40",,
25.02.2018,137193,"9,60","9,60",,
25.02.2018,137194,"14,50","14,50",,
25.02.2018,137195,"7,10","7,10",,
25.02.2018,137196,"63,70","63,70",,
25.02.2018,137197,"24,40","24,40",,
25.02.2018,137198,"67,60","67,60",,
25.02.2018,137199,"51,30","51,30",,
25.02.2018,137200,"51,00","51,00",,
25.02.2018,137201,"79,30","79,30",,
25.02.2018,137202,"49,60","49,60",,
25.02.2018,137203,"74,40","74,40",,
25.02.2018,137204,"75,60",,"75,60",
25.02.2018,137205,"66,70","66,70",,
25.02.2018,137206,"14,00","14,00",,
25.02.2018,137207,"57,00","57,00",,
25.02.2018,137208,"76,00",,"76,00",
25.02.2018,137209,"72,60","72,60",,
25.02.2018,137210,"21,70","21,70",,
25.02.2018,137211,"33,50","33,50",,
25.02.2018,137212,"29,80",,"29,80",
25.02.2018,137213,"53,40","53,40",,
25.02.2018,137214,"57,30","57,30",,
25.02.2018,137215,"31,30","31,30",,
25.02.2018,137216,"36,90","36,90",,
25.02.2018,137217,"41,20",,"41,20",
25.02.2018,137218,"61,30",,"61,30",
25.02.2018,137219,"44,50",,"44,50",
25.02.2018,137220,"63,90",,"63,90",
25.02.2018,137221,"3,20",,,"3,20"
25.02.2018,137222,"28,10","28,10",,
25.02.2018,137223,"69,40","69,40",,
25.02.2018,137224,"44,70","44,70",,
26.02.2018,137225,"53,00","53,00",,
26.02.2018,137226,"15,50","15,50",,
26.02.2018,137227,"78,80","78,80",,
26.02.2018,137228,"79,80","79,80",,
26.02.2018,137229,"72,70","72,70",,
26.02.2018,137230,"54,50","54,50",,
26.02.2018,137231,"45,10","45,10",,
26.02.2018,137232,"73,90","73,90",,
26.02.2018,137233,"7,50",,"7,50",
26.02.2018,137234,"57,10","57,10",,
26.02.2018,137235,"26,00","26,00",,
26.02.2018,137236,"27,80","27,80",,
26.02.2018,137237,"43,80","43,80",,
26.02.2018,137238,"20,70","20,70",,
26.02.2018,137239,"4,40",,,"4,40"
26.02.2018,137240,"11,50","11,50",,
26.02.2018,137241,"30,50","30,50",,
26.02.2018,137242,"18,90","18,90",,
26.02.2018,137243,"36,00","36,00",,
26.02.2018,137244,"51,00","51,00",,
26.02.2018,137245,"22,80","22,80",,
26.02.2018,137246,"68,70","68,70",,
26.02.2018,137247,"38,60","38,60",,
26.02.2018,137248,"17,80","17,80",,
26.02.2018,137249,"73,30","73,30",,
26.02.2018,137250,"49,60","49,60",,
26.02.2018,137251,"59,70","59,70",,
26.02.2018,137252,"39,10",,"39,10",
26.02.2018,137253,"62,60",,"62,60",
26.02.2018,137254,"46,50","46,50",,
26.02.2018,137255,"42,90","42,90",,
26.02.2018,137256,"4,50","4,50",,
26.02.2018,137257,"44,00","44,00",,
26.02.2018,137258,"51,30","51,30",,
26.02.2018,137259,"16,10","16,10",,
27.02.2018,137260,"76,30","76,30",,
27.02.2018,137261,"37,60","37,60",,
27.02.2018,137262,"1,70",,,"1,70"
27.02.2018,137263,"33,20","33,20",,
27.02.2018,137264,"20,20","20,20",,
27.02.2018,137265,"34,40","34,40",,
27.02.2018,137266,"25,40",,"25,40",
27.02.2018,137267,"71,10","71,10",,
27.02.2018,137268,"37,10","37,10",,
27.02.2018,137269,"19,20",,"19,20",
27.02.2018,137270,"71,10","71,10",,
27.02.2018,137271,"65,20","65,20",,
27.02.2018,137272,"66,70",,"66,70",
27.02.2018,137273,"69,00","69,00",,
27.02.2018,137274,"77,90",,"77,90",