date,bill_number,total,paid_cash,paid_card,paid_customer_card,user
01.01.2018,134300,"43,00","43,00",,,Andy
01.01.2018,134301,"40,00","40,00",,,Andy
01.01.2018,134302,"12,16","12,16",,,Jane
01.01.2018,134303,"21,79","21,79",,,Jane
01.01.2018,134304,"9,32","9,32",,,Jane
01.01.2018,134305,"7,55","7,55",,,Jane
01.01.2018,134306,"11,70","11,70",,,Jane
01.01.2018,134307,"3,78","3,78",,,Jane
01.01.2018,134308,"12,33","12,33",,,Jane
01.01.2018,134309,"13,69","13,69",,,Mia
01.01.2018,134310,"17,29","17,29",,,Mia
01.01.2018,134311,"17,98","17,98",,,Andy
01.01.2018,134312,"14,75","14,75",,,Mia
01.01.2018,134316,"6,15","6,15",,,Andy
01.01.2018,134317,"9,58","9,58",,,Andy
01.01.2018,134318,"15,41","15,41",,,Andy
01.01.2018,134319,"12,24","12,24",,,Andy
01.01.2018,134320,"14,57","14,57",,,Andy
01.01.2018,134321,"1,94","1,94",,,Andy
01.01.2018,134322,"4,29","4,29",,,Andy
01.01.2018,134323,"2,59","2,59",,,Jane
01.01.2018,134324,"3,27","3,27",,,Jane
01.01.2018,134325,"20,64","20,64",,,Jane
01.01.2018,134326,"16,34","16,34",,,Jane
01.01.2018,134327,"9,86","9,86",,,Jane
01.01.2018,134328,"3,18","3,18",,,Jane
01.01.2018,134329,"27,93","27,93",,,Jane
01.01.2018,134330,"19,32","19,32",,,Mia
01.01.2018,134331,"7,33","7,33",,,Mia
01.01.2018,134332,"43,00","43,00",,,Andy
01.01.2018,134333,"4,45","4,45",,,Mia
01.01.2018,134334,"27,57","27,57",,,Andy
01.01.2018,134335,"29,86","29,86",,,Andy
01.01.2018,134336,"16,14","16,14",,,Andy
01.01.2018,134337,"3,57","3,57",,,Andy
01.01.2018,134338,"40,00","40,00",,,Andy
02.01.2018,134339,"26,29",,"26,29",,Andy
02.01.2018,134340,"28,99",,"28,99",,Andy
02.01.2018,134341,"9,94","9,94",,,Jane
02.01.2018,134342,"15,43","15,43",,,Jane
02.01.2018,134343,"16,54","16,54",,,Jane
02.01.2018,134344,"18,99","18,99",,,Jane
02.01.2018,134345,"22,32","22,32",,,Jane
02.01.2018,134346,"24,41","24,41",,,Jane
02.01.2018,134347,"29,34","29,34",,,Jane
02.01.2018,134348,"6,74",,,"6,74",Mia
02.01.2018,134349,"12,25","12,25",,,Mia
02.01.2018,134350,"19,42","19,42",,,Andy
02.01.2018,134351,"12,49",,"12,49",,Mia
02.01.2018,134352,"28,68","28,68",,,Andy
02.01.2018,134353,"22,56","22,56",,,Andy
02.01.2018,134354,"28,68",,"28,68",,Andy
02.01.2018,134355,"22,56",,"22,56",,Andy
02.01.2018,134356,"28,68",,"28,68",,Andy
02.01.2018,134357,"22,56",,"22,56",,Andy
02.01.2018,134358,"25,25","25,25",,,Andy
02.01.2018,134359,"29,50","29,50",,,Jane
02.01.2018,134360,"23,49","23,49",,,Jane
02.01.2018,134361,"10,51","10,51",,,Jane
02.01.2018,134362,"26,34",,"26,34",,Jane
02.01.2018,134363,"28,94",,"28,94",,Jane
02.01.2018,134364,"1,63",,,"1,63",Jane
02.01.2018,134365,"22,13","22,13",,,Jane
02.01.2018,134366,"19,53","19,53",,,Mia
02.01.2018,134367,"29,79","29,79",,,Mia
02.01.2018,134368,"15,49","15,49",,,Andy
02.01.2018,134369,"24,50","24,50",,,Mia
02.01.2018,134370,"12,44","12,44",,,Andy
03.01.2018,134371,"2,62","2,62",,,Andy
03.01.2018,134372,"23,35","23,35",,,Andy
03.01.2018,134373,"27,55","27,55",,,Andy
03.01.2018,134374,"1,82","1,82",,,Andy
03.01.2018,134375,"2,84","2,84",,,Andy
03.01.2018,134376,"11,43","11,43",,,Andy
03.01.2018,134377,"43,78","43,78",,,Jane
03.01.2018,134378,"13,41","13,41",,,Jane
03.01.2018,134379,"15,35","15,35",,,Jane
03.01.2018,134380,"27,24","27,24",,,Jane
03.01.2018,134381,"29,56","29,56",,,Jane
03.01.2018,134382,"21,45",,"21,45",,Jane
03.01.2018,134383,"20,32","20,32",,,Jane
03.01.2018,134384,"7,68","7,68",,,Mia
03.01.2018,134385,"17,74","17,74",,,Mia
03.01.2018,134386,"1,94","1,94",,,Andy
03.01.2018,134387,"24,42","24,42",,,Mia
03.01.2018,134388,"43,50",,"43,50",,Andy
03.01.2018,134389,"8,90",,,"8,90",Andy
03.01.2018,134390,"28,52","28,52",,,Andy
03.01.2018,134391,"13,19","13,19",,,Andy
03.01.2018,134392,"9,22","9,22",,,Andy
03.01.2018,134393,"22,45","22,45",,,Andy
03.01.2018,134394,"12,16","12,16",,,Andy
03.01.2018,134395,"10,44","10,44",,,Jane
03.01.2018,134396,"22,15","22,15",,,Jane
03.01.2018,134397,"29,19","29,19",,,Jane
03.01.2018,134398,"14,35","14,35",,,Jane
03.01.2018,134399,"22,19","22,19",,,Jane
03.01.2018,134400,"13,99","13,99",,,Jane
03.01.2018,134401,"28,39",,"28,39",,Jane
03.01.2018,134402,"22,65",,"22,65",,Mia
04.01.2018,134403,"20,83",,"20,83",,Mia
04.01.2018,134404,"12,99","12,99",,,Andy
04.01.2018,134405,"5,72",,,"5,72",Mia
04.01.2018,134406,"27,78",,"27,78",,Andy
04.01.2018,134407,"23,61","23,61",,,Andy
04.01.2018,134408,"21,41","21,41",,,Andy
04.01.2018,134409,"2,17","2,17",,,Andy
04.01.2018,134410,"19,13","19,13",,,Andy
04.01.2018,134411,"3,52",,,"3,52",Andy
04.01.2018,134412,"29,39","29,39",,,Andy
04.01.2018,134413,"18,89","18,89",,,Jane
04.01.2018,134414,"19,29","19,29",,,Jane
04.01.2018,134415,"4,99",,"4,99",,Jane
04.01.2018,134416,"9,80",,"9,80",,Jane
04.01.2018,134417,"13,00",,"13,00",,Jane
04.01.2018,134418,"18,19",,"18,19",,Jane
04.01.2018,134419,"25,71",,"25,71",,Jane
04.01.2018,134420,"1,72",,,"1,72",Mia
04.01.2018,134421,"29,26","29,26",,,Mia
04.01.2018,134422,"5,51","5,51",,,Andy
04.01.2018,134423,"21,25","21,25",,,Mia
04.01.2018,134424,"20,14","20,14",,,Andy
04.01.2018,134425,"11,90","11,90",,,Andy
04.01.2018,134426,"2,47","2,47",,,Andy
04.01.2018,134427,"5,9",,"5,9",,Andy
04.01.2018,134428,"24,54",,"24,54",,Andy
04.01.2018,134429,"28,64",,"28,64",,Andy
04.01.2018,134430,"25,66",,"25,66",,Andy
04.01.2018,134431,"6,00",,,"6,00",Jane
04.01.2018,134432,"9,48","9,48",,,Jane
04.01.2018,134433,"27,37","27,37",,,Jane
04.01.2018,134434,"2,13","2,13",,,Jane
04.01.2018,134435,"16,84","16,84",,,Jane
04.01.2018,134436,"13,59","13,59",,,Jane
04.01.2018,134437,"16,68","16,68",,,Jane
04.01.2018,134438,"16,17","16,17",,,Mia
04.01.2018,134439,"4,00",,"4,00",,Mia
04.01.2018,134440,"25,52",,"25,52",,Andy
04.01.2018,134441,"21,76",,"21,76",,Mia
04.01.2018,134442,"11,86","11,86",,,Andy
05.01.2018,134443,"20,00","20,00",,,Andy
05.01.2018,134444,"23,5","23,5",,,Andy
05.01.2018,134445,"25,30","25,30",,,Andy
05.01.2018,134446,"14,91","14,91",,,Andy
05.01.2018,134447,"14,36",,"14,36",,Andy
05.01.2018,134448,"21,62","21,62",,,Andy
05.01.2018,134449,"14,74","14,74",,,Mia
05.01.2018,134450,"1,94","1,94",,,Mia
05.01.2018,134451,"15,00",,"15,00",,Mia
05.01.2018,134452,"4,26",,"4,26",,Mia
05.01.2018,134453,"16,30",,"16,30",,Mia
05.01.2018,134454,"10,98","10,98",,,Mia
05.01.2018,134455,"1,62",,,"1,62",Mia
05.01.2018,134456,"12,26","12,26",,,Mia
05.01.2018,134457,"26,78","26,78",,,Mia
05.01.2018,134458,"29,36","29,36",,,Mia
05.01.2018,134459,"7,41","7,41",,,Mia
05.01.2018,134460,"22,93","22,93",,,Mia
05.01.2018,134461,"29,00","29,00",,,Mia
05.01.2018,134462,"28,68","28,68",,,Mia
05.01.2018,134463,"100,00","100,00",,,Mia
05.01.2018,134464,"21,17","21,17",,,Mia
05.01.2018,134465,"13,55","13,55",,,Mia
05.01.2018,134466,"11,53","11,53",,,Mia
05.01.2018,134467,"24,78","24,78",,,Mia
05.01.2018,134468,"17,29","17,29",,,Andy
05.01.2018,134469,"21,60","21,60",,,Andy
05.01.2018,134470,"17,67","17,67",,,Andy
05.01.2018,134471,"15,18","15,18",,,Andy
05.01.2018,134472,"9,57",,,"9,57",Andy
06.01.2018,134473,"34,00","34,00",,,Andy
06.01.2018,134474,"19,90","19,90",,,Jane
06.01.2018,134475,"5,78","5,78",,,Jane
06.01.2018,134476,"25,94","25,94",,,Jane
06.01.2018,134477,"22,74","22,74",,,Jane
06.01.2018,134478,"29,44","29,44",,,Jane
06.01.2018,134479,"15,92","15,92",,,Jane
06.01.2018,134480,"6,80","6,80",,,Jane
06.01.2018,134481,"23,58","23,58",,,Mia
06.01.2018,134482,"14,77","14,77",,,Mia
06.01.2018,134483,"5,91","5,91",,,Andy
06.01.2018,134484,"12,00",,,"12,00",Mia
06.01.2018,134485,"9,91",,,"9,91",Andy
06.01.2018,134486,"26,97","26,97",,,Andy
06.01.2018,134487,"8,67","8,67",,,Andy
06.01.2018,134488,"10,83","10,83",,,Andy
06.01.2018,134489,"15,80","15,80",,,Andy
06.01.2018,134490,"18,84","18,84",,,Andy
06.01.2018,134491,"2,26","2,26",,,Andy
06.01.2018,134492,"26,76","26,76",,,Andy
06.01.2018,134493,"10,19","10,19",,,Jane
06.01.2018,134494,"15,31","15,31",,,Jane
06.01.2018,134495,"29,51","29,51",,,Jane
06.01.2018,134496,"12,45","12,45",,,Jane
06.01.2018,134497,"16,83","16,83",,,Jane
06.01.2018,134498,"4,61","4,61",,,Jane
06.01.2018,134499,"24,74","24,74",,,Jane
06.01.2018,134500,"7,94","7,94",,,Mia
06.01.2018,134501,"13,35","13,35",,,Mia
06.01.2018,134502,"3,15",,"3,15",,Andy
06.01.2018,134503,"12,19",,"12,19",,Mia
06.01.2018,134504,"25,85",,"25,85",,Andy
07.01.2018,134505,"24,29",,"24,29",,Andy
07.01.2018,134506,"10,00","10,00",,,Andy
07.01.2018,134507,"7,41","7,41",,,Andy
07.01.2018,134508,"12,58","12,58",,,Andy
07.01.2018,134509,"12,00","12,00",,,Andy
07.01.2018,134510,"12,42","12,42",,,Andy
07.01.2018,134511,"29,92","29,92",,,Andy
07.01.2018,134512,"26,73","26,73",,,Jane
07.01.2018,134513,"6,32","6,32",,,Jane
07.01.2018,134514,"19,00","19,00",,,Jane
07.01.2018,134515,"11,94","11,94",,,Jane
07.01.2018,134516,"8,57","8,57",,,Jane
07.01.2018,134517,"7,38","7,38",,,Jane
07.01.2018,134518,"1,70","1,70",,,Jane
07.01.2018,134519,"3,86","3,86",,,Mia
07.01.2018,134520,"1,14","1,14",,,Mia
07.01.2018,134521,"16,27","16,27",,,Andy
07.01.2018,134522,"21,24","21,24",,,Mia
07.01.2018,134523,"24,81","24,81",,,Andy
07.01.2018,134524,"7,23","7,23",,,Andy
07.01.2018,134525,"29,47","29,47",,,Andy
07.01.2018,134526,"6,29","6,29",,,Andy
07.01.2018,134527,"26,35","26,35",,,Andy
07.01.2018,134528,"13,84","13,84",,,Andy
07.01.2018,134529,"7,9",,"7,9",,Andy
07.01.2018,134530,"14,00",,"14,00",,Andy
07.01.2018,134531,"17,36",,"17,36",,Jane
07.01.2018,134532,"20,36",,"20,36",,Jane
07.01.2018,134533,"28,00",,"28,00",,Jane
08.01.2018,134534,"27,80","27,80",,,Jane
08.01.2018,134535,"3,15","3,15",,,Jane
08.01.2018,134536,"4,65","4,65",,,Jane
08.01.2018,134537,"1,56","1,56",,,Jane
08.01.2018,134538,"7,71",,,"7,71",Mia
08.01.2018,134539,"21,68","21,68",,,Mia
08.01.2018,134540,"19,74","19,74",,,Andy
08.01.2018,134541,"29,34","29,34",,,Mia
08.01.2018,134542,"15,53","15,53",,,Andy
08.01.2018,134543,"24,16","24,16",,,Andy
08.01.2018,134544,"19,36","19,36",,,Andy
08.01.2018,134545,"26,29","26,29",,,Andy
08.01.2018,134546,"18,14","18,14",,,Andy
08.01.2018,134547,"2,31","2,31",,,Andy
08.01.2018,134548,"24,74","24,74",,,Andy
08.01.2018,134549,"28,24","28,24",,,Andy
08.01.2018,134550,"20,14","20,14",,,Jane
08.01.2018,134551,"41,00","41,00",,,Jane
08.01.2018,134552,"24,51","24,51",,,Jane
08.01.2018,134553,"25,44","25,44",,,Jane
08.01.2018,134554,"15,68","15,68",,,Jane
08.01.2018,134555,"21,74","21,74",,,Jane
08.01.2018,134556,"25,34","25,34",,,Jane
08.01.2018,134557,"12,00","12,00",,,Mia
08.01.2018,134558,"9,61","9,61",,,Mia
08.01.2018,134559,"11,74","11,74",,,Andy
08.01.2018,134560,"43,30","43,30",,,Mia
08.01.2018,134561,"14,73","14,73",,,Andy
08.01.2018,134562,"9,59","9,59",,,Andy
08.01.2018,134563,"6,29","6,29",,,Andy
08.01.2018,134564,"16,92","16,92",,,Andy
08.01.2018,134565,"19,43","19,43",,,Andy
08.01.2018,134566,"18,00","18,00",,,Andy
08.01.2018,134567,"12,77","12,77",,,Andy
09.01.2018,134568,"13,00","13,00",,,Andy
09.01.2018,134569,"21,35","21,35",,,Jane
09.01.2018,134570,"15,84","15,84",,,Jane
09.01.2018,134571,"9,00","9,00",,,Jane
09.01.2018,134572,"17,59","17,59",,,Jane
09.01.2018,134573,"29,18","29,18",,,Jane
09.01.2018,134574,"5,24","5,24",,,Jane
09.01.2018,134575,"3,39","3,39",,,Jane
09.01.2018,134576,"28,22","28,22",,,Mia
09.01.2018,134577,"29,02","29,02",,,Mia
09.01.2018,134578,"14,28","14,28",,,Andy
09.01.2018,134579,"18,35","18,35",,,Mia
09.01.2018,134580,"24,34","24,34",,,Andy
09.01.2018,134581,"9,61",,"9,61",,Andy
09.01.2018,134582,"80,00","80,00",,,Andy
09.01.2018,134583,"23,92","23,92",,,Andy
09.01.2018,134584,"14,54","14,54",,,Andy
09.01.2018,134585,"12,93","12,93",,,Andy
09.01.2018,134586,"7,77","7,77",,,Andy
09.01.2018,134587,"9,93","9,93",,,Andy
09.01.2018,134588,"4,41","4,41",,,Jane
09.01.2018,134589,"26,14","26,14",,,Jane
09.01.2018,134590,"34,00","34,00",,,Jane
09.01.2018,134591,"29,88","29,88",,,Jane
09.01.2018,134592,"14,93","14,93",,,Jane
10.01.2018,134593,"13,60","13,60",,,Jane
10.01.2018,134594,"22,90","22,90",,,Jane
10.01.2018,134595,"14,42","14,42",,,Mia
10.01.2018,134596,"24,90","24,90",,,Mia
10.01.2018,134597,"3,70","3,70",,,Andy
10.01.2018,134598,"25,15","25,15",,,Mia
10.01.2018,134599,"18,46","18,46",,,Andy
10.01.2018,134600,"9,47",,,"9,47",Andy
10.01.2018,134601,"25,61","25,61",,,Andy
10.01.2018,134602,"23,48","23,48",,,Andy
10.01.2018,134603,"6,70","6,70",,,Andy
10.01.2018,134604,"1,97","1,97",,,Andy
10.01.2018,134605,"18,72","18,72",,,Andy
10.01.2018,134606,"5,91","5,91",,,Andy
10.01.2018,134607,"4,82","4,82",,,Jane
10.01.2018,134608,"27,73","27,73",,,Jane
10.01.2018,134609,"8,45","8,45",,,Jane
10.01.2018,134610,"9,27","9,27",,,Jane
10.01.2018,134611,"22,00","22,00",,,Jane
10.01.2018,134612,"22,26","22,26",,,Jane
10.01.2018,134613,"5,64","5,64",,,Jane
10.01.2018,134614,"23,00","23,00",,,Mia
10.01.2018,134615,"10,64","10,64",,,Mia
10.01.2018,134616,"8,69","8,69",,,Andy
10.01.2018,134617,"29,66","29,66",,,Mia
10.01.2018,134618,"3,21","3,21",,,Andy
10.01.2018,134619,"9,53","9,53",,,Andy
10.01.2018,134620,"18,14","18,14",,,Andy
10.01.2018,134621,"20,28","20,28",,,Andy
10.01.2018,134622,"60,00","60,00",,,Andy
10.01.2018,134623,"16,73","16,73",,,Andy
10.01.2018,134624,"24,53","24,53",,,Andy
10.01.2018,134625,"27,72","27,72",,,Andy
10.01.2018,134626,"21,62","21,62",,,Jane
10.01.2018,134627,"24,42","24,42",,,Jane
10.01.2018,134628,"43,00","43,00",,,Jane
10.01.2018,134629,"29,60","29,60",,,Jane
10.01.2018,134630,"20,91","20,91",,,Jane
10.01.2018,134631,"2,31","2,31",,,Jane
11.01.2018,134632,"7,65","7,65",,,Jane
11.01.2018,134633,"3,46","3,46",,,Mia
11.01.2018,134634,"10,00",,,"10,00",Mia
11.01.2018,134635,"15,43",,"15,43",,Andy
11.01.2018,134636,"25,93",,"25,93",,Mia
11.01.2018,134637,"14,56",,"14,56",,Andy
11.01.2018,134638,"2,84",,"2,84",,Andy
11.01.2018,134639,"25,95",,"25,95",,Andy
11.01.2018,134640,"13,28",,"13,28",,Andy
11.01.2018,134641,"20,28",,"20,28",,Andy
11.01.2018,134642,"14,19",,"14,19",,Andy
11.01.2018,134643,"9,00","9,00",,,Andy
11.01.2018,134644,"15,66","15,66",,,Andy
11.01.2018,134645,"25,67","25,67",,,Jane
11.01.2018,134646,"14,55","14,55",,,Jane
11.01.2018,134647,"34,20","34,20",,,Jane
11.01.2018,134648,"15,62","15,62",,,Jane
11.01.2018,134649,"29,93",,"29,93",,Jane
11.01.2018,134650,"18,25","18,25",,,Jane
11.01.2018,134651,"8,59","8,59",,,Jane
11.01.2018,134652,"34,00","34,00",,,Mia
11.01.2018,134653,"20,48","20,48",,,Mia
11.01.2018,134654,"3,68",,,"3,68",Andy
11.01.2018,134655,"29,27","29,27",,,Mia
11.01.2018,134656,"12,87","12,87",,,Andy
11.01.2018,134657,"21,14",,"21,14",,Andy
11.01.2018,134658,"12,59","12,59",,,Andy
11.01.2018,134659,"4,29","4,29",,,Andy
11.01.2018,134660,"16,24","16,24",,,Andy
12.01.2018,134661,"7,38","7,38",,,Andy
12.01.2018,134662,"15,82","15,82",,,Andy
12.01.2018,134663,"8,25","8,25",,,Andy
12.01.2018,134664,"11,96","11,96",,,Jane
12.01.2018,134665,"11,97","11,97",,,Jane
12.01.2018,134666,"29,21","29,21",,,Jane
12.01.2018,134667,"12,00","12,00",,,Jane
12.01.2018,134668,"1,64","1,64",,,Jane
12.01.2018,134669,"28,91","28,91",,,Jane
12.01.2018,134670,"4,81","4,81",,,Jane
12.01.2018,134671,"6,56","6,56",,,Mia
12.01.2018,134672,"25,73","25,73",,,Mia
12.01.2018,134673,"19,58","19,58",,,Andy
12.01.2018,134674,"25,38","25,38",,,Mia
12.01.2018,134675,"1,56","1,56",,,Andy
12.01.2018,134676,"27,67","27,67",,,Andy
12.01.2018,134677,"24,33","24,33",,,Andy
12.01.2018,134678,"9,64","9,64",,,Andy
12.01.2018,134679,"10,68","10,68",,,Andy
12.01.2018,134680,"6,71","6,71",,,Andy
12.01.2018,134681,"12,00",,"12,00",,Andy
12.01.2018,134682,"7,46",,,"7,46",Andy
12.01.2018,134683,"15,22",,"15,22",,Jane
12.01.2018,134684,"20,91",,"20,91",,Jane
12.01.2018,134685,"43,60","43,60",,,Jane
12.01.2018,134686,"6,71","6,71",,,Jane
12.01.2018,134687,"26,22","26,22",,,Jane
12.01.2018,134688,"16,54","16,54",,,Jane
12.01.2018,134689,"11,63","11,63",,,Jane
12.01.2018,134690,"29,97","29,97",,,Mia
12.01.2018,134691,"18,96","18,96",,,Mia
12.01.2018,134692,"23,79","23,79",,,Andy
12.01.2018,134693,"22,27","22,27",,,Mia
12.01.2018,134694,"13,82","13,82",,,Andy
12.01.2018,134695,"21,22","21,22",,,Andy
12.01.2018,134696,"20,18","20,18",,,Andy
13.01.2018,134697,"12,40","12,40",,,Andy
13.01.2018,134698,"1,46","1,46",,,Andy
13.01.2018,134699,"11,92","11,92",,,Andy
13.01.2018,134700,"8,77","8,77",,,Andy
13.01.2018,134701,"16,74","16,74",,,Andy
13.01.2018,134702,"16,57","16,57",,,Jane
13.01.2018,134703,"8,27","8,27",,,Jane
13.01.2018,134704,"12,93","12,93",,,Jane
13.01.2018,134705,"1,39","1,39",,,Mia
13.01.2018,134706,"25,34","25,34",,,Andy
13.01.2018,134707,"26,39","26,39",,,Mia
13.01.2018,134708,"14,57","14,57",,,Andy
13.01.2018,134709,"17,49","17,49",,,Andy
13.01.2018,134710,"5,31","5,31",,,Andy
13.01.2018,134711,"2,69","2,69",,,Andy
13.01.2018,134712,"2,47","2,47",,,Andy
13.01.2018,134713,"24,52","24,52",,,Andy
13.01.2018,134714,"9,42","9,42",,,Andy
13.01.2018,134715,"23,80","23,80",,,Andy
13.01.2018,134716,"27,71","27,71",,,Jane
13.01.2018,134717,"6,75","6,75",,,Jane
13.01.2018,134718,"14,86","14,86",,,Mia
13.01.2018,134719,"8,61","8,61",,,Andy
13.01.2018,134720,"9,35","9,35",,,Mia
13.01.2018,134721,"9,92","9,92",,,Andy
13.01.2018,134722,"18,81","18,81",,,Andy
13.01.2018,134723,"6,36","6,36",,,Andy
13.01.2018,134724,"14,21","14,21",,,Andy
13.01.2018,134725,"5,66","5,66",,,Andy
13.01.2018,134726,"22,93","22,93",,,Andy
13.01.2018,134727,"11,35","11,35",,,Andy
13.01.2018,134728,"29,65","29,65",,,Andy
13.01.2018,134729,"43,00","43,00",,,Jane
13.01.2018,134730,"28,63","28,63",,,Jane
13.01.2018,134731,"8,23","8,23",,,Mia
13.01.2018,134732,"27,87","27,87",,,Andy
13.01.2018,134733,"17,71","17,71",,,Mia
13.01.2018,134734,"13,26","13,26",,,Andy
13.01.2018,134735,"15,51","15,51",,,Andy
13.01.2018,134736,"8,79",,,"8,79",Andy
14.01.2018,134737,"40,00","40,00",,,Andy
14.01.2018,134738,"2,63",,,"2,63",Andy
14.01.2018,134739,"19,24","19,24",,,Andy
14.01.2018,134740,"21,70","21,70",,,Andy
14.01.2018,134741,"13,22","13,22",,,Andy
14.01.2018,134742,"8,59","8,59",,,Jane
14.01.2018,134743,"9,13",,,"9,13",Jane
14.01.2018,134744,"22,54",,,"22,54",Mia
14.01.2018,134745,"12,00","12,00",,,Andy
14.01.2018,134746,"3,44","3,44",,,Mia
14.01.2018,134747,"1,41","1,41",,,Andy
14.01.2018,134748,"11,90","11,90",,,Andy
14.01.2018,134749,"11,24","11,24",,,Andy
14.01.2018,134750,"29,21","29,21",,,Andy
14.01.2018,134751,"21,85","21,85",,,Andy
14.01.2018,134752,"6,55","6,55",,,Andy
14.01.2018,134753,"20,72","20,72",,,Andy
14.01.2018,134754,"10,66","10,66",,,Andy
14.01.2018,134755,"17,40","17,40",,,Jane
14.01.2018,134756,"8,71","8,71",,,Jane
14.01.2018,134757,"24,00","24,00",,,Mia
14.01.2018,134758,"1,53","1,53",,,Andy
14.01.2018,134759,"8,57","8,57",,,Mia
14.01.2018,134760,"15,00","15,00",,,Andy
14.01.2018,134761,"17,63","17,63",,,Andy
14.01.2018,134762,"2,89","2,89",,,Andy
14.01.2018,134763,"25,75","25,75",,,Andy
14.01.2018,134764,"7,31","7,31",,,Andy
14.01.2018,134765,"5,79","5,79",,,Andy
14.01.2018,134766,"14,84","14,84",,,Andy
14.01.2018,134767,"11,41","11,41",,,Andy
14.01.2018,134768,"18,37","18,37",,,Jane
14.01.2018,134769,"11,61","11,61",,,Jane
14.01.2018,134770,"21,60","21,60",,,Mia
14.01.2018,134771,"16,32","16,32",,,Andy
14.01.2018,134772,"24,92","24,92",,,Mia
14.01.2018,134773,"2,17",,,"2,17",Andy
14.01.2018,134774,"24,51","24,51",,,Andy
14.01.2018,134775,"18,30","18,30",,,Andy
14.01.2018,134776,"14,71","14,71",,,Andy
14.01.2018,134777,"18,62","18,62",,,Andy
14.01.2018,134778,"11,48","11,48",,,Andy
14.01.2018,134779,"5,77","5,77",,,Andy
14.01.2018,134780,"24,96","24,96",,,Andy
15.01.2018,134781,"29,96","29,96",,,Jane
15.01.2018,134782,"22,91","22,91",,,Jane
15.01.2018,134783,"24,30","24,30",,,Mia
15.01.2018,134784,"5,64","5,64",,,Andy
15.01.2018,134785,"20,72","20,72",,,Mia
15.01.2018,134786,"12,31","12,31",,,Andy
15.01.2018,134787,"8,23","8,23",,,Andy
15.01.2018,134788,"12,00","12,00",,,Andy
15.01.2018,134789,"12,00","12,00",,,Andy
15.01.2018,134790,"26,69","26,69",,,Andy
15.01.2018,134791,"10,25","10,25",,,Andy
15.01.2018,134792,"5,99","5,99",,,Andy
15.01.2018,134793,"4,42","4,42",,,Andy
15.01.2018,134794,"26,29","26,29",,,Jane
15.01.2018,134795,"24,48","24,48",,,Jane
15.01.2018,134796,"1,76","1,76",,,Mia
15.01.2018,134797,"12,43","12,43",,,Andy
15.01.2018,134798,"4,66",,,"4,66",Mia
15.01.2018,134799,"29,75","29,75",,,Andy
15.01.2018,134800,"21,22","21,22",,,Andy
15.01.2018,134801,"7,85","7,85",,,Andy
15.01.2018,134802,"15,94","15,94",,,Andy
15.01.2018,134803,"27,95","27,95",,,Andy
15.01.2018,134804,"29,50","29,50",,,Andy
15.01.2018,134805,"21,97","21,97",,,Andy
15.01.2018,134806,"26,83","26,83",,,Andy
15.01.2018,134807,"28,82","28,82",,,Jane
15.01.2018,134808,"6,43","6,43",,,Jane
15.01.2018,134809,"18,47","18,47",,,Mia
15.01.2018,134810,"12,49","12,49",,,Andy
16.01.2018,134811,"12,00","12,00",,,Mia
16.01.2018,134812,"22,70","22,70",,,Andy
16.01.2018,134813,"10,26","10,26",,,Andy
16.01.2018,134814,"29,89","29,89",,,Andy
16.01.2018,134815,"2,72","2,72",,,Andy
16.01.2018,134816,"13,85","13,85",,,Andy
16.01.2018,134817,"4,34",,,"4,34",Andy
16.01.2018,134818,"5,16",,,"5,16",Andy
16.01.2018,134819,"9,15","9,15",,,Andy
16.01.2018,134820,"60,00","60,00",,,Jane
16.01.2018,134821,"13,33","13,33",,,Jane
16.01.2018,134822,"8,58","8,58",,,Mia
16.01.2018,134823,"19,48","19,48",,,Andy
16.01.2018,134824,"21,85","21,85",,,Mia
16.01.2018,134825,"3,20","3,20",,,Andy
16.01.2018,134826,"8,46","8,46",,,Andy
16.01.2018,134827,"13,60","13,60",,,Andy
16.01.2018,134828,"21,70","21,70",,,Andy
16.01.2018,134829,"27,14","27,14",,,Andy
16.01.2018,134830,"14,58","14,58",,,Andy
16.01.2018,134831,"33,00","33,00",,,Andy
16.01.2018,134832,"11,35","11,35",,,Andy
16.01.2018,134833,"27,55","27,55",,,Jane
16.01.2018,134834,"13,54","13,54",,,Jane
16.01.2018,134835,"14,35","14,35",,,Mia
16.01.2018,134836,"14,19","14,19",,,Andy
16.01.2018,134837,"15,91","15,91",,,Mia
16.01.2018,134838,"3,87","3,87",,,Andy
16.01.2018,134839,"3,54","3,54",,,Andy
16.01.2018,134840,"25,63","25,63",,,Andy
16.01.2018,134841,"13,80","13,80",,,Andy
16.01.2018,134842,"28,13","28,13",,,Andy
16.01.2018,134843,"29,00","29,00",,,Andy
16.01.2018,134844,"26,43","26,43",,,Andy
16.01.2018,134845,"22,56","22,56",,,Andy
16.01.2018,134846,"15,86","15,86",,,Jane
17.01.2018,134847,"20,76","20,76",,,Jane
17.01.2018,134848,"12,00","12,00",,,Mia
17.01.2018,134849,"29,31","29,31",,,Andy
17.01.2018,134850,"7,43","7,43",,,Mia
17.01.2018,134851,"8,32","8,32",,,Andy
17.01.2018,134852,"25,69","25,69",,,Andy
17.01.2018,134853,"27,41","27,41",,,Andy
17.01.2018,134854,"6,32",,,"6,32",Andy
17.01.2018,134855,"11,60","11,60",,,Andy
17.01.2018,134856,"19,72","19,72",,,Andy
17.01.2018,134857,"8,85","8,85",,,Andy
17.01.2018,134858,"26,73","26,73",,,Andy
17.01.2018,134859,"28,54","28,54",,,Jane
17.01.2018,134860,"29,43","29,43",,,Jane
17.01.2018,134861,"33,00","33,00",,,Mia
17.01.2018,134862,"11,36","11,36",,,Andy
17.01.2018,134863,"25,43","25,43",,,Mia
17.01.2018,134864,"23,30","23,30",,,Andy
17.01.2018,134865,"22,98","22,98",,,Andy
17.01.2018,134866,"3,65","3,65",,,Andy
17.01.2018,134867,"18,73","18,73",,,Andy
17.01.2018,134868,"19,79","19,79",,,Andy
17.01.2018,134869,"5,53","5,53",,,Andy
17.01.2018,134870,"23,64","23,64",,,Andy
17.01.2018,134871,"20,84","20,84",,,Andy
17.01.2018,134872,"12,64","12,64",,,Jane
17.01.2018,134873,"12,00","12,00",,,Jane
17.01.2018,134874,"12,32","12,32",,,Mia
17.01.2018,134875,"11,37","11,37",,,Andy
18.01.2018,134876,"18,54","18,54",,,Mia
18.01.2018,134877,"8,22","8,22",,,Andy
18.01.2018,134878,"15,55","15,55",,,Andy
18.01.2018,134879,"21,93","21,93",,,Andy
18.01.2018,134880,"3,70","3,70",,,Andy
18.01.2018,134881,"2,44","2,44",,,Andy
18.01.2018,134882,"2,66","2,66",,,Andy
18.01.2018,134883,"11,30","11,30",,,Andy
18.01.2018,134884,"1,19","1,19",,,Andy
18.01.2018,134885,"3,49","3,49",,,Jane
18.01.2018,134886,"20,39","20,39",,,Jane
18.01.2018,134887,"5,43","5,43",,,Mia
18.01.2018,134888,"10,00",,"10,00",,Andy
18.01.2018,134889,"29,48",,"29,48",,Mia
18.01.2018,134890,"26,62",,"26,62",,Andy
18.01.2018,134891,"23,88",,"23,88",,Andy
18.01.2018,134892,"4,00",,,"4,00",Andy
18.01.2018,134893,"19,41","19,41",,,Andy
18.01.2018,134894,"4,74","4,74",,,Andy
18.01.2018,134895,"12,57","12,57",,,Andy
18.01.2018,134896,"10,75","10,75",,,Andy
18.01.2018,134897,"12,92","12,92",,,Andy
18.01.2018,134898,"2,32",,,"2,32",Jane
18.01.2018,134899,"26,34","26,34",,,Jane
18.01.2018,134900,"17,46","17,46",,,Mia
18.01.2018,134901,"27,24","27,24",,,Andy
18.01.2018,134902,"9,46","9,46",,,Mia
18.01.2018,134903,"16,68","16,68",,,Andy
18.01.2018,134904,"8,28","8,28",,,Andy
18.01.2018,134905,"16,34","16,34",,,Andy
18.01.2018,134906,"27,64","27,64",,,Andy
18.01.2018,134907,"54,00","54,00",,,Andy
18.01.2018,134908,"21,83","21,83",,,Andy
18.01.2018,134909,"27,75","27,75",,,Andy
18.01.2018,134910,"8,13","8,13",,,Andy
19.01.2018,134911,"89,00",,"89,00",,Jane
19.01.2018,134912,"8,67","8,67",,,Jane
19.01.2018,134913,"20,39","20,39",,,Mia
19.01.2018,134914,"60,00","60,00",,,Andy
19.01.2018,134915,"11,14","11,14",,,Mia
19.01.2018,134916,"20,30","20,30",,,Andy
19.01.2018,134917,"9,55","9,55",,,Andy
19.01.2018,134918,"16,97","16,97",,,Andy
19.01.2018,134919,"4,90","4,90",,,Andy
19.01.2018,134920,"20,95","20,95",,,Andy
19.01.2018,134921,"7,97","7,97",,,Andy
19.01.2018,134922,"4,75","4,75",,,Andy
19.01.2018,134923,"15,26","15,26",,,Andy
19.01.2018,134924,"20,73","20,73",,,Jane
19.01.2018,134925,"15,67","15,67",,,Jane
19.01.2018,134926,"10,42","10,42",,,Mia
19.01.2018,134927,"12,54","12,54",,,Andy
19.01.2018,134928,"14,49","14,49",,,Mia
19.01.2018,134929,"11,47","11,47",,,Andy
19.01.2018,134930,"20,36","20,36",,,Andy
19.01.2018,134931,"23,75","23,75",,,Andy
19.01.2018,134932,"28,79","28,79",,,Andy
19.01.2018,134933,"12,00",,"12,00",,Andy
19.01.2018,134934,"20,23",,"20,23",,Andy
19.01.2018,134935,"10,95",,,"10,95",Andy
19.01.2018,134936,"1,76",,,"1,76",Andy
19.01.2018,134937,"5,73",,,"5,73",Jane
19.01.2018,134938,"7,76",,,"7,76",Jane
19.01.2018,134939,"25,34","25,34",,,Mia
19.01.2018,134940,"49,00","49,00",,,Andy
19.01.2018,134941,"18,97","18,97",,,Mia
19.01.2018,134942,"12,00","12,00",,,Andy
19.01.2018,134943,"5,73","5,73",,,Andy
19.01.2018,134944,"11,45","11,45",,,Andy
19.01.2018,134945,"6,53","6,53",,,Andy
20.01.2018,134946,"19,69","19,69",,,Andy
20.01.2018,134947,"43,50","43,50",,,Andy
20.01.2018,134948,"16,25","16,25",,,Andy
20.01.2018,134949,"22,51","22,51",,,Andy
20.01.2018,134950,"14,87","14,87",,,Jane
20.01.2018,134951,"19,70","19,70",,,Jane
20.01.2018,134952,"29,62","29,62",,,Mia
20.01.2018,134953,"15,24","15,24",,,Andy
20.01.2018,134954,"13,69","13,69",,,Mia
20.01.2018,134955,"20,26","20,26",,,Andy
20.01.2018,134956,"10,00","10,00",,,Andy
20.01.2018,134957,"11,00","11,00",,,Andy
20.01.2018,134958,"18,41","18,41",,,Andy
20.01.2018,134959,"8,97","8,97",,,Andy
20.01.2018,134960,"13,69","13,69",,,Andy
20.01.2018,134961,"4,71","4,71",,,Andy
20.01.2018,134962,"12,00","12,00",,,Andy
20.01.2018,134963,"55,00","55,00",,,Jane
20.01.2018,134964,"29,41","29,41",,,Jane
20.01.2018,134965,"21,59","21,59",,,Mia
20.01.2018,134966,"12,00","12,00",,,Andy
20.01.2018,134967,"12,34","12,34",,,Mia
20.01.2018,134968,"2,80","2,80",,,Andy
20.01.2018,134969,"27,64","27,64",,,Andy
20.01.2018,134970,"14,36",,"14,36",,Andy
20.01.2018,134971,"19,54",,"19,54",,Andy
20.01.2018,134972,"15,61","15,61",,,Andy
20.01.2018,134973,"21,32","21,32",,,Andy
20.01.2018,134974,"17,48","17,48",,,Andy
20.01.2018,134975,"8,15","8,15",,,Andy
20.01.2018,134976,"19,40","19,40",,,Jane
20.01.2018,134977,"20,95","20,95",,,Jane
20.01.2018,134978,"7,22",,,"7,22",Mia
21.01.2018,134979,"14,49",,,"14,49",Andy
21.01.2018,134980,"14,44","14,44",,,Mia
21.01.2018,134981,"20,51","20,51",,,Andy
21.01.2018,134982,"25,36","25,36",,,Andy
21.01.2018,134983,"4,82","4,82",,,Andy
21.01.2018,134984,"29,58","29,58",,,Andy
21.01.2018,134985,"29,44","29,44",,,Andy
21.01.2018,134986,"18,86","18,86",,,Andy
21.01.2018,134987,"26,87","26,87",,,Andy
21.01.2018,134988,"8,52","8,52",,,Andy
21.01.2018,134989,"17,79","17,79",,,Jane
21.01.2018,134990,"9,32","9,32",,,Jane
21.01.2018,134991,"12,00","12,00",,,Mia
21.01.2018,134992,"24,65","24,65",,,Andy
21.01.2018,134993,"17,65","17,65",,,Mia
21.01.2018,134994,"14,65","14,65",,,Andy
21.01.2018,134995,"13,60","13,60",,,Andy
21.01.2018,134996,"10,79","10,79",,,Andy
21.01.2018,134997,"2,25","2,25",,,Andy
21.01.2018,134998,"23,13","23,13",,,Mia
21.01.2018,134999,"7,30","7,30",,,Andy
21.01.2018,135000,"7,28","7,28",,,Jane
21.01.2018,135001,"9,31","9,31",,,Jane
21.01.2018,135002,"11,55","11,55",,,Andy
21.01.2018,135003,"20,19","20,19",,,Andy
21.01.2018,135004,"23,00",,"23,00",,Andy
21.01.2018,135005,"11,33",,"11,33",,Mia
21.01.2018,135006,"11,82",,"11,82",,Andy
21.01.2018,135007,"29,80","29,80",,,Jane
21.01.2018,135008,"13,55","13,55",,,Jane
21.01.2018,135009,"24,58","24,58",,,Andy
21.01.2018,135010,"22,00","22,00",,,Andy
21.01.2018,135011,"26,81","26,81",,,Andy
21.01.2018,135012,"7,77","7,77",,,Mia
21.01.2018,135013,"2,4","2,4",,,Andy
21.01.2018,135014,"6,70","6,70",,,Jane
21.01.2018,135015,"8,54","8,54",,,Jane
21.01.2018,135016,"6,5","6,5",,,Andy
21.01.2018,135017,"13,71","13,71",,,Andy
22.01.2018,135018,"22,70","22,70",,,Andy
22.01.2018,135019,"5,53","5,53",,,Mia
22.01.2018,135020,"14,56","14,56",,,Andy
22.01.2018,135021,"25,47","25,47",,,Jane
22.01.2018,135022,"29,30","29,30",,,Jane
22.01.2018,135023,"17,00",,"17,00",,Andy
22.01.2018,135024,"21,19",,"21,19",,Andy
22.01.2018,135025,"1,68","1,68",,,Andy
22.01.2018,135026,"7,53","7,53",,,Mia
22.01.2018,135027,"6,96","6,96",,,Andy
22.01.2018,135028,"16,22","16,22",,,Jane
22.01.2018,135029,"26,15","26,15",,,Jane
22.01.2018,135030,"14,60","14,60",,,Andy
22.01.2018,135031,"21,51","21,51",,,Andy
22.01.2018,135032,"25,52","25,52",,,Andy
22.01.2018,135033,"19,57","19,57",,,Mia
22.01.2018,135034,"13,52","13,52",,,Andy
22.01.2018,135035,"6,39","6,39",,,Jane
22.01.2018,135036,"5,17","5,17",,,Jane
22.01.2018,135037,"14,86","14,86",,,Andy
22.01.2018,135038,"2,69","2,69",,,Andy
22.01.2018,135039,"19,18","19,18",,,Andy
22.01.2018,135040,"3,37","3,37",,,Mia
22.01.2018,135041,"8,67","8,67",,,Andy
22.01.2018,135042,"13,44","13,44",,,Jane
22.01.2018,135043,"24,79","24,79",,,Jane
22.01.2018,135044,"19,87","19,87",,,Andy
22.01.2018,135045,"7,27","7,27",,,Andy
22.01.2018,135046,"12,00",,"12,00",,Andy
22.01.2018,135047,"15,22",,"15,22",,Mia
22.01.2018,135048,"23,64",,"23,64",,Andy
22.01.2018,135049,"21,26",,"21,26",,Jane
22.01.2018,135050,"16,73",,"16,73",,Jane
22.01.2018,135051,"32,40","32,40",,,Andy
22.01.2018,135052,"10,64","10,64",,,Andy
22.01.2018,135053,"20,87","20,87",,,Andy
22.01.2018,135054,"1,46","1,46",,,Mia
22.01.2018,135055,"19,83","19,83",,,Andy
22.01.2018,135056,"2,72","2,72",,,Jane
22.01.2018,135057,"18,83","18,83",,,Jane
23.01.2018,135058,"19,31","19,31",,,Andy
23.01.2018,135059,"21,60","21,60",,,Andy
23.01.2018,135060,"12,00","12,00",,,Andy
23.01.2018,135061,"27,80","27,80",,,Mia
23.01.2018,135062,"19,60","19,60",,,Andy
23.01.2018,135063,"5,19","5,19",,,Jane
23.01.2018,135064,"18,16","18,16",,,Jane
23.01.2018,135065,"7,93","7,93",,,Andy
23.01.2018,135066,"23,96","23,96",,,Andy
23.01.2018,135067,"6,85","6,85",,,Andy
23.01.2018,135068,"27,85","27,85",,,Mia
23.01.2018,135069,"29,19","29,19",,,Andy
23.01.2018,135070,"26,92","26,92",,,Jane
23.01.2018,135071,"29,56","29,56",,,Jane
23.01.2018,135072,"1,34","1,34",,,Andy
23.01.2018,135073,"24,52","24,52",,,Andy
23.01.2018,135074,"11,18","11,18",,,Andy
23.01.2018,135075,"19,98","19,98",,,Mia
23.01.2018,135076,"23,62","23,62",,,Andy
23.01.2018,135077,"27,72","27,72",,,Jane
23.01.2018,135078,"7,87","7,87",,,Jane
23.01.2018,135079,"15,29","15,29",,,Andy
23.01.2018,135080,"11,00","11,00",,,Andy
23.01.2018,135081,"12,3","12,3",,,Andy
23.01.2018,135082,"24,4","24,4",,,Mia
23.01.2018,135083,"12,00","12,00",,,Andy
23.01.2018,135084,"22,24","22,24",,,Jane
23.01.2018,135085,"6,73","6,73",,,Jane
23.01.2018,135086,"26,42","26,42",,,Andy
23.01.2018,135087,"21,39","21,39",,,Andy
23.01.2018,135088,"13,24","13,24",,,Andy
23.01.2018,135089,"27,57","27,57",,,Mia
24.01.2018,135090,"2,00",,,"2,00",Andy
24.01.2018,135091,"25,27",,"25,27",,Jane
24.01.2018,135092,"15,92",,"15,92",,Jane
24.01.2018,135093,"25,20",,"25,20",,Andy
24.01.2018,135094,"20,70",,"20,70",,Andy
24.01.2018,135095,"9,18",,,"9,18",Andy
24.01.2018,135096,"3,26",,,"3,26",Mia
24.01.2018,135097,"8,51",,,"8,51",Andy
24.01.2018,135098,"1,78",,"1,78",,Jane
24.01.2018,135099,"18,45",,"18,45",,Jane
24.01.2018,135100,"2,39","2,39",,,Andy
24.01.2018,135101,"3,93","3,93",,,Andy
24.01.2018,135102,"18,96","18,96",,,Andy
24.01.2018,135103,"10,55","10,55",,,Mia
24.01.2018,135104,"8,24","8,24",,,Andy
24.01.2018,135105,"18,93","18,93",,,Jane
24.01.2018,135106,"25,57","25,57",,,Jane
24.01.2018,135107,"10,84","10,84",,,Andy
24.01.2018,135108,"12,00","12,00",,,Andy
24.01.2018,135109,"19,95","19,95",,,Andy
24.01.2018,135110,"30,00","30,00",,,Mia
24.01.2018,135111,"1,52","1,52",,,Andy
24.01.2018,135112,"22,86","22,86",,,Jane
24.01.2018,135113,"5,78","5,78",,,Jane
24.01.2018,135114,"18,70","18,70",,,Andy
24.01.2018,135115,"8,49","8,49",,,Andy
24.01.2018,135116,"27,61","27,61",,,Andy
24.01.2018,135117,"21,97","21,97",,,Mia
24.01.2018,135118,"8,56","8,56",,,Andy
24.01.2018,135119,"4,22","4,22",,,Jane
24.01.2018,135120,"5,33","5,33",,,Jane
25.01.2018,135121,"2,64","2,64",,,Andy
25.01.2018,135122,"4,91","4,91",,,Andy
25.01.2018,135123,"17,50","17,50",,,Andy
25.01.2018,135124,"12,00","12,00",,,Mia
25.01.2018,135125,"13,73","13,73",,,Andy
25.01.2018,135126,"25,71","25,71",,,Jane
25.01.2018,135127,"29,19","29,19",,,Jane
25.01.2018,135128,"13,71","13,71",,,Andy
25.01.2018,135129,"12,63","12,63",,,Andy
25.01.2018,135130,"28,71","28,71",,,Andy
25.01.2018,135131,"13,58","13,58",,,Mia
25.01.2018,135132,"27,32","27,32",,,Andy
25.01.2018,135133,"22,00","22,00",,,Jane
25.01.2018,135134,"1,56",,,"1,56",Jane
25.01.2018,135135,"20,20",,,"20,20",Andy
25.01.2018,135136,"7,47","7,47",,,Andy
25.01.2018,135137,"21,82","21,82",,,Andy
25.01.2018,135138,"28,98","28,98",,,Mia
25.01.2018,135139,"14,94","14,94",,,Andy
25.01.2018,135140,"4,74","4,74",,,Jane
25.01.2018,135141,"12,00","12,00",,,Jane
25.01.2018,135142,"43,00","43,00",,,Andy
25.01.2018,135143,"3,36","3,36",,,Andy
25.01.2018,135144,"28,33","28,33",,,Andy
25.01.2018,135145,"28,97","28,97",,,Mia
25.01.2018,135146,"18,71","18,71",,,Andy
25.01.2018,135147,"20,69","20,69",,,Jane
25.01.2018,135148,"21,40","21,40",,,Jane
26.01.2018,135149,"22,33","22,33",,,Andy
26.01.2018,135150,"1,22","1,22",,,Andy
26.01.2018,135151,"24,20","24,20",,,Andy
26.01.2018,135152,"9,72","9,72",,,Mia
26.01.2018,135153,"14,44","14,44",,,Andy
26.01.2018,135154,"19,89","19,89",,,Jane
26.01.2018,135155,"4,37","4,37",,,Jane
26.01.2018,135156,"10,00","10,00",,,Andy
26.01.2018,135157,"16,13","16,13",,,Andy
26.01.2018,135158,"28,34","28,34",,,Andy
26.01.2018,135159,"15,98","15,98",,,Mia
26.01.2018,135160,"17,59","17,59",,,Andy
26.01.2018,135161,"2,89","2,89",,,Jane
26.01.2018,135162,"11,88","11,88",,,Jane
26.01.2018,135163,"6,85","6,85",,,Andy
26.01.2018,135164,"7,97","7,97",,,Andy
26.01.2018,135165,"1,94","1,94",,,Andy
26.01.2018,135166,"17,37","17,37",,,Mia
26.01.2018,135167,"13,21","13,21",,,Andy
26.01.2018,135168,"22,26","22,26",,,Jane
26.01.2018,135169,"7,64","7,64",,,Jane
26.01.2018,135170,"20,14","20,14",,,Andy
26.01.2018,135171,"12,00",,"12,00",,Andy
26.01.2018,135172,"16,23",,"16,23",,Andy
26.01.2018,135173,"9,89",,,"9,89",Mia
26.01.2018,135174,"10,9","10,9",,,Andy
26.01.2018,135175,"4,50","4,50",,,Jane
26.01.2018,135176,"23,18","23,18",,,Jane
26.01.2018,135177,"10,65","10,65",,,Andy
27.01.2018,135178,"12,00","12,00",,,Andy
27.01.2018,135179,"11,17","11,17",,,Andy
27.01.2018,135180,"25,45","25,45",,,Mia
27.01.2018,135181,"17,26","17,26",,,Andy
27.01.2018,135182,"24,19","24,19",,,Jane
27.01.2018,135183,"18,16",,"18,16",,Jane
27.01.2018,135184,"21,35",,"21,35",,Andy
27.01.2018,135185,"6,90","6,90",,,Andy
27.01.2018,135186,"16,41","16,41",,,Andy
27.01.2018,135187,"4,58",,,"4,58",Mia
27.01.2018,135188,"34,00","34,00",,,Andy
27.01.2018,135189,"56,00","56,00",,,Jane
27.01.2018,135190,"27,83","27,83",,,Jane
27.01.2018,135191,"12,17","12,17",,,Andy
27.01.2018,135192,"43,00","43,00",,,Andy
27.01.2018,135193,"3,67","3,67",,,Andy
27.01.2018,135194,"77,00","77,00",,,Mia
27.01.2018,135195,"11,17","11,17",,,Andy
27.01.2018,135196,"26,26","26,26",,,Jane
27.01.2018,135197,"10,67","10,67",,,Jane
27.01.2018,135198,"13,98",,"13,98",,Andy
27.01.2018,135199,"12,00","12,00",,,Andy
27.01.2018,135200,"29,36","29,36",,,Andy
27.01.2018,135201,"1,66","1,66",,,Mia
27.01.2018,135202,"25,54","25,54",,,Andy
27.01.2018,135203,"5,79","5,79",,,Jane
27.01.2018,135204,"9,53","9,53",,,Jane
27.01.2018,135205,"23,25","23,25",,,Andy
27.01.2018,135206,"18,00","18,00",,,Andy
27.01.2018,135207,"21,42","21,42",,,Andy
27.01.2018,135208,"19,30","19,30",,,Mia
28.01.2018,135209,"14,75","14,75",,,Andy
28.01.2018,135210,"1,91","1,91",,,Jane
28.01.2018,135211,"13,61","13,61",,,Jane
28.01.2018,135212,"28,70","28,70",,,Andy
28.01.2018,135213,"23,90","23,90",,,Andy
28.01.2018,135214,"22,7","22,7",,,Andy
28.01.2018,135215,"14,26","14,26",,,Mia
28.01.2018,135216,"11,00","11,00",,,Andy
28.01.2018,135217,"14,17","14,17",,,Jane
28.01.2018,135218,"8,45","8,45",,,Jane
28.01.2018,135219,"28,44","28,44",,,Andy
28.01.2018,135220,"17,33","17,33",,,Andy
28.01.2018,135221,"4,23","4,23",,,Andy
28.01.2018,135222,"11,00","11,00",,,Mia
28.01.2018,135223,"21,85","21,85",,,Andy
28.01.2018,135224,"17,54","17,54",,,Jane
28.01.2018,135225,"11,67","11,67",,,Jane
28.01.2018,135226,"15,96","15,96",,,Andy
28.01.2018,135227,"21,86","21,86",,,Andy
28.01.2018,135228,"4,14",,,"4,14",Andy
28.01.2018,135229,"15,66","15,66",,,Mia
28.01.2018,135230,"18,51","18,51",,,Andy
28.01.2018,135231,"5,00","5,00",,,Jane
28.01.2018,135232,"2,44","2,44",,,Jane
28.01.2018,135233,"16,52","16,52",,,Andy
28.01.2018,135234,"2,50","2,50",,,Andy
28.01.2018,135235,"25,31","25,31",,,Andy
28.01.2018,135236,"6,00","6,00",,,Mia
28.01.2018,135237,"19,00","19,00",,,Andy
28.01.2018,135238,"5,86","5,86",,,Jane
28.01.2018,135239,"21,20","21,20",,,Jane
28.01.2018,135240,"10,15","10,15",,,Andy
28.01.2018,135241,"8,41","8,41",,,Andy
28.01.2018,135242,"17,24","17,24",,,Andy
28.01.2018,135243,"24,76","24,76",,,Mia
28.01.2018,135244,"16,28","16,28",,,Andy
28.01.2018,135245,"6,66","6,66",,,Jane
28.01.2018,135246,"14,29","14,29",,,Jane
28.01.2018,135247,"24,33","24,33",,,Andy
29.01.2018,135248,"21,27","21,27",,,Andy
29.01.2018,135249,"22,85","22,85",,,Andy
29.01.2018,135250,"12,22","12,22",,,Mia
29.01.2018,135251,"15,67","15,67",,,Andy
29.01.2018,135252,"15,87","15,87",,,Jane
29.01.2018,135253,"24,91","24,91",,,Jane
29.01.2018,135254,"20,56","20,56",,,Andy
29.01.2018,135255,"12,00","12,00",,,Andy
29.01.2018,135256,"13,00","13,00",,,Andy
29.01.2018,135257,"21,68","21,68",,,Mia
29.01.2018,135258,"28,53","28,53",,,Andy
29.01.2018,135259,"22,78","22,78",,,Jane
29.01.2018,135260,"21,39","21,39",,,Jane
29.01.2018,135261,"9,66","9,66",,,Andy
29.01.2018,135262,"6,87",,,"6,87",Andy
29.01.2018,135263,"3,00",,,"3,00",Andy
29.01.2018,135264,"25,45","25,45",,,Mia
29.01.2018,135265,"7,55","7,55",,,Andy
29.01.2018,135266,"5,67","5,67",,,Jane
29.01.2018,135267,"24,36","24,36",,,Jane
29.01.2018,135268,"8,81","8,81",,,Andy
29.01.2018,135269,"28,25","28,25",,,Andy
29.01.2018,135270,"6,63","6,63",,,Andy
29.01.2018,135271,"22,87","22,87",,,Mia
29.01.2018,135272,"13,29","13,29",,,Andy
29.01.2018,135273,"1,61","1,61",,,Jane
29.01.2018,135274,"18,68",,"18,68",,Jane
29.01.2018,135275,"8,46",,"8,46",,Andy
29.01.2018,135276,"16,47","16,47",,,Andy
30.01.2018,135277,"1,00",,,"1,00",Andy
30.01.2018,135278,"3,87","3,87",,,Mia
30.01.2018,135279,"22,29","22,29",,,Andy
30.01.2018,135280,"24,60","24,60",,,Jane
30.01.2018,135281,"19,55","19,55",,,Jane
30.01.2018,135282,"22,64","22,64",,,Andy
30.01.2018,135283,"17,63","17,63",,,Andy
30.01.2018,135284,"26,78","26,78",,,Andy
30.01.2018,135285,"29,44","29,44",,,Mia
30.01.2018,135286,"11,73","11,73",,,Andy
30.01.2018,135287,"11,92","11,92",,,Jane
30.01.2018,135288,"19,14","19,14",,,Jane
30.01.2018,135289,"11,55","11,55",,,Andy
30.01.2018,135290,"10,30","10,30",,,Andy
30.01.2018,135291,"3,19",,,"3,19",Andy
30.01.2018,135292,"14,96","14,96",,,Mia
30.01.2018,135293,"15,63","15,63",,,Andy
30.01.2018,135294,"6,79",,"6,79",,Jane
30.01.2018,135295,"8,32",,,"8,32",Jane
30.01.2018,135296,"5,18",,"5,18",,Andy
30.01.2018,135297,"17,20","17,20",,,Andy
30.01.2018,135298,"17,24","17,24",,,Andy
30.01.2018,135299,"23,40","23,40",,,Mia